index,ocn,name,brand
1,6872,GCI COMMUNICATION CORP. DBA GENERAL COMMUNICATION,
2,6563,CELLCO PARTNERSHIP DBA VERIZON WIRELESS,
3,9413,"LEVEL 3 COMMUNICATIONS, LLC - AK",
4,6010,"NEW CINGULAR WIRELESS PCS, LLC",AT&T
5,7785,GCI COMMUNICATION CORP. DBA GENERAL COMMUNICATION,
6,321J,HD CARRIER LLC,
7,158J,OPTIMERA INC.,
8,3023,"UNITED UTILITIES, INC.",
9,3011,"INTERIOR TEL. CO., INC.",
10,3013,KETCHIKAN PUBLIC UTILITIES,
11,3030,"ACS OF THE NORTHLAND, INC.",
12,588F,"TELALASKA CELLULAR, INC.",
13,3018,"NUSHAGAK ELECTRIC & TELEPHONE COOPERATIVE, INC.",
14,3000,"ACS OF ANCHORAGE, INC.",
15,3003,"BRISTOL BAY TEL. COOP., INC.",
16,724J,"TELEPORT COMMUNICATIONS AMERICA, LLC",
17,6292,COPPER VALLEY CELLULAR,
18,3017,ALASKA TELEPHONE COMPANY,
19,3006,"COPPER VALLEY TEL. COOP., INC.",
20,6882,"CORDOVA WIRELESS COMMUNICATIONS, INC.",
21,3015,"MATANUSKA TEL. ASSN., INC.",
22,3022,"ACS OF ALASKA, INC.",
23,3019,"OTZ TEL. COOP., INC.",
24,3025,"YUKON TEL. CO., INC.",
25,6354,ASTAC WIRELESS LLC,
26,3001,"ARCTIC SLOPE TEL. ASSN. COOP., INC.",
27,3028,SUMMIT TEL,
28,3027,"ALASCOM, INC. DBA AT&T ALASKA",
29,3007,"CORDOVA TEL. COOP., INC.",
30,6747,BRISTOL BAY CELLULAR PARTNERSHIP,
31,3004,"BUSH-TEL, INC.",
32,3016,"MUKLUK TEL. CO., INC.",
33,3008,"ACS OF FAIRBANKS, INC.",
34,1449,"UNITED-KUC, INC. - AK",
35,197D,VONAGE AMERICA LLC,
36,3002,BETTLES TEL. CO.,
37,3026,NORTH COUNTRY TEL. CO.,
38,370F,WINDY CITY CELLULAR,
39,989C,ADAK EAGLE ENTERPRISE LLC DBA ADAK TEL UTILITY,
40,073H,TELNYX LLC,
41,318J,"COMCAST IP PHONE, LLC",
42,3005,"CIRCLE TELEPHONE & ELECTRIC, LLC",
43,114J,EXIANT COMMUNICATIONS LLC,
44,753H,"WIDE VOICE, LLC - AK",
45,3685,"GLOBALSTAR USA, INC.",
46,6181,"OTZ TELECOMMUNICATIONS, INC.",
47,7475,"POWERTEL BIRMINGHAM LICENSES, INC.",
48,045L,"BHN IP ENABLED SERVICES, LLC",
49,604E,"ONVOY, LLC - AL",
50,9419,BELLSOUTH TELECOMM INC DBA SOUTH CENTRAL BELL TEL,AT&T Southeast
51,624H,"ONVOY SPECTRUM, LLC",
52,072F,"BANDWIDTH.COM CLEC, LLC - AL",
53,6804,CELLCO PARTNERSHIP DBA VERIZON WIRELESS - AL,
54,5562,"METROPCS, INC.",Metro by T-Mobile
55,6214,"NEW CINGULAR WIRELESS PCS, LLC - GA",
56,829J,"PAETEC ITEL, LLC",
57,9736,PINE BELT BROADCASTING DBA PINE BELT TEL COMP SVCS,
58,9789,"BRIGHTSPEED OF ALABAMA, LLC - NORTHERN",
59,516C,"AT&T ENTERPRISES, LLC",
60,7327,"LEVEL 3 TELECOM OF ALABAMA, LLC - AL",
61,5255,"LEVEL 3 COMMUNICATIONS, LLC - AL",
62,0312,"OTELCO TELEPHONE, LLC",
63,792K,"CHARTER IP ENABLED SERVICES, LLC",
64,8271,"TELEPORT COMMUNICATIONS AMERICA, LLC - AL",
65,6744,"SOUTHERN COMMUNICATIONS SERVICES, INC.",
66,7421,AT&T - LOCAL,
67,2741,"BELLSOUTH TELECOMMUNICATIONS, LLC",
68,0307,MOUNDVILLE TEL. CO.,
69,508J,"CENTURYLINK COMMUNICATIONS, LLC",
70,0284,"BUTLER TEL. CO., INC.",
71,0282,BLOUNTSVILLE TELEPHONE LLC,
72,4260,"PINE BELT CELLULAR, INC.",
73,0300,HOPPER TELECOMMUNICATIONS LLC,
74,0302,"WINDSTREAM ALABAMA, INC.",
75,0316,"RAGLAND TEL. CO., INC.",
76,6630,"SPOK, INC.",
77,0173,BROADRIVER COMMUNICATION CORPORATION - GA,
78,476H,"AIRUS, INC. - AL",
79,7469,MCIMETRO ACCESS TRANSMISSION SERVICES LLC - AL,
80,7229,MCIMETRO ACCESS TRANSMISSION SERVICES LLC,
81,947G,"TELEPAK NETWORKS, INC. - AL",
82,0301,"FRONTIER COMMUNICATIONS OF THE SOUTH, LLC - AL",
83,0311,"OAKMAN TEL. CO., INC.",
84,593K,MCC TELEPHONY LLC,
85,551G,"NUSO, LLC",
86,507J,"THE VOICE APPLICATION NETWORK, LLC",
87,996H,"AIRESPRING, INC.",
88,432J,"HARGRAY OF ALABAMA, INC. - AL",
89,597F,"VOIP INNOVATIONS, LLC",
90,6581,"CELLULAR SOUTH, INC.",
91,939H,"COMMIO, LLC",
92,764H,"WIDE VOICE, LLC - AL",
93,965H,"FRACTEL, LLC",
94,807C,INTRADO COMMUNICATIONS LLC,
95,6916,"ELISKA WIRELESS VENTURES SUBSIDIARY I, LLC",
96,773F,"MCC TELEPHONY OF THE SOUTH, LLC - AL",
97,0306,"FRONTIER COMMUNICATIONS OF THE SOUTH, LLC - AL",
98,7221,MCIMETRO ACCESS TRANSMISSION SERVICES LLC - AL,
99,4464,"FRONTIER COMMUNICATIONS OF THE SOUTH, LLC - AL",
100,425J,"CSC WIRELESS, LLC",
101,478J,"NUSO, LLC",
102,515J,IP HORIZON LLC,
103,156J,"RCLEC, INC.",
104,732J,"NUSO, LLC",
105,490J,BOOST SUBSCRIBERCO L.L.C.,
106,506J,"TWILIO INTERNATIONAL, INC.",
107,700J,"WAVENATION, LLC",
108,0298,BRIGHTSPEED OF SOUTHERN ALABAMA,
109,0304,MILLRY TEL. CO.,
110,9417,BELLSOUTH TELECOMM INC DBA SOUTHERN BELL TEL & TEL,
111,0285,"CASTLEBERRY TEL. CO., INC.",
112,145J,TERRA NOVA TELECOM INC.,
113,9788,"BRIGHTSPEED OF ALABAMA, LLC - SOUTHERN",
114,0314,"PEOPLES TEL. CO., INC.",
115,0283,BRINDLEE MOUNTAIN TELEPHONE LLC,
116,7451,CENTURYLINK COMMUNICATIONS LLC - AL,
117,961J,"WOW! INTERNET, CABLE AND PHONE",
118,0286,"NATIONAL TELEPHONE OF ALABAMA, INC.",
119,058J,IDT AMERICA CORP. - AL,
120,0280,"ARDMORE TEL. CO., INC.",
121,947D,FARMERS TELECOMMUNICATIONS CORPORATION - AL,
122,0290,"FARMERS TELECOMMUNICATIONS COOPERATIVE, INC.",
123,6885,"SHARP COMMUNICATION, INC.",
124,799G,DOVETEL COMMUNICATIONS LLC - AL,
125,0308,NEW HOPE TEL. COOP.,
126,327A,CENTURYLINK COMMUNICATIONS LLC - AL,
127,0051,SHELCOMM,
128,476F,"CORETEL ALABAMA, INC. - AL",
129,495J,STRATUS NETWORKS,
130,516J,"TON80 COMMUNICATIONS, LLC",
131,793K,"TWC IP ENABLED SERVICES, LLC",
132,0299,"HAYNEVILLE TEL. CO., INC.",
133,208D,"TROY CABLEVISION, INC. - AL",
134,883K,AHOI LLC,
135,753A,"HAYNEVILLE FIBER TRANSPORT, INC. - AL",
136,0315,"PINE BELT TEL. CO., INC.",
137,0322,"UNION SPRINGS TEL. CO., INC.",
138,0371,"KNOLOGY OF THE VALLEY, INC.",
139,0295,"KNOLOGY TOTAL COMMUNICATIONS, INC.",
140,0305,"MON-CRE TEL. COOP., INC.",
141,0294,CONSOLIDATED COMMUNICATIONS OF FLORIDA COMPANY,
142,143J,"PEERLESS NETWORK OF ALABAMA, LLC - AL",
143,0324,"VALLEY TELEPHONE CO., LLC",
144,0317,"ROANOKE TEL. CO., INC.",
145,7473,"POWERTEL ATLANTA LICENSES, INC.",
146,553J,"WHITESKY COMMUNICATIONS, LLC",
147,475J,CALLWORKS CORPORATION,
148,598J,"FIVE9, INC.",
149,671J,U.S. TELEPACIFIC CORP. DBA TPX COMMUNICATIONS,
150,6805,CELLCO PARTNERSHIP DBA VERIZON WIRELESS - AR,
151,348F,"ONVOY, LLC - AR",
152,196F,"BANDWIDTH.COM CLEC, LLC - AR",
153,6529,"T-MOBILE USA, INC.",T-Mobile
154,6534,"NEW CINGULAR WIRELESS PCS, LLC - IL",AT&T
155,578H,"AIRUS, INC. - AR",
156,9533,SOUTHWESTERN BELL,AT&T Southwest
157,5179,"LEVEL 3 COMMUNICATIONS, LLC - AR",
158,8870,SOUTHWESTERN BELL TELEPHONE COMPANY - AR,
159,1143,"BRIGHTSPEED OF NORTHWEST ARKANSAS, LLC",
160,048G,"TCA COMMUNICATIONS, LLC DBA SUDDENLINK COMM - AR",
161,7277,MCIMETRO ACCESS TRANSMISSION SERVICES LLC - AR,
162,1142,"BRIGHTSPEED OF NORTHWEST ARKANSAS, LLC",
163,1709,"MADISON COUNTY TEL. CO., INC.",
164,1691,"WINDSTREAM ARKANSAS, INC.",
165,5018,"VANTAGE TELECOM, LLC DBA NEWROADS TELECOM - AR",
166,7656,"WINDSTREAM COMMUNICATIONS, INC. - AR",
167,802C,"TELEPORT COMMUNICATIONS AMERICA, LLC - AR",
168,1718,PRAIRIE GROVE TELEPHONE COMPANY,
169,1734,"ARKWEST COMMUNICATIONS, INC.",
170,9748,"AMERICAN MESSAGING SERVICES, LLC",
171,612K,"CSC VOICE, LLC",
172,095A,"E. RITTER COMMS DBA RITTER COMMUNICATIONS, INC. AR",
173,128L,"E. RITTER COMMUNICATIONS, LLC",
174,1704,LAVACA TEL CO,
175,1699,DECATUR TEL. CO.,
176,1866,OZARK TELEPHONE COMPANY,
177,3031,SCOTT COUNTY TELEPHONE CO.,
178,1710,MAGAZINE TEL. CO.,
179,1144,"BRIGHTSPEED OF CENTRAL ARKANSAS, LLC",
180,7264,"LEVEL 3 TELECOM OF ARKANSAS, LLC - AR",
181,1697,"CENTRAL ARKANSAS TEL. COOP., INC.",
182,1720,"BRIGHTSPEED OF SOUTH CENTRAL ARKANSAS, LLC",
183,1692,"ARKANSAS TEL. CO., INC.",
184,1163,"VALOR TELECOMM TX, LP-TX #1 DBA WINDSTREAM COMM SW",
185,398H,"YELCOT VIDEO GROUP, INC. - AR",
186,1706,"BRIGHTSPEED OF ARKANSAS, LLC",
187,1712,MOUNTAIN VIEW TELEPHONE COMPANY,
188,1729,WALNUT HILL TEL. CO.,
189,1726,"TRI-COUNTY TEL. CO., INC.",
190,1698,"CLEVELAND COUNTY TEL. CO., INC.",
191,1721,RICE BELT TEL. CO.,
192,1722,E. RITTER TEL. CO.,
193,095J,RED RIVER CELLULAR TELEPHONE CORPORATION - AR,
194,1713,NORTHERN ARKANSAS TEL. CO.,
195,1711,"BRIGHTSPEED OF NORTHERN ARKANSAS, LLC",
196,1733,YELCOT TEL. CO.,
197,1702,"SOUTH ARKANSAS TEL. CO., INC.",
198,1724,"SOUTHWEST ARKANSAS TEL. COOP., INC.",
199,1727,"BRIGHTSPEED OF SOUTH ARKANSAS, LLC",
200,0434,"BRIGHTSPEED OF LOUISIANA, LLC",
201,729J,"ARKANSAS RURAL INTERNET SERVICES, LLC",
202,240H,"AIRECAST, LLC - AR",
203,1885,"WINDSTREAM MISSOURI, INC.",
204,1460,"AST TELECOM, LLC",
205,3900,AMERICAN SAMOA TELECOMMUNICATIONS AUTHORITY,
206,909H,AMERICAN SAMOA TELECOMMUNICATIONS AUTHORITY,
207,6572,CELLCO PARTNERSHIP DBA VERIZON WIRELESS - AZ,
208,3285,"LEVEL 3 COMMUNICATIONS, LLC - AZ",
209,630E,"ONVOY, LLC - AZ",
210,9636,QWEST CORPORATION,CenturyLink
211,7175,ELECTRIC LIGHTWAVE LLC DBA ALLSTREAM,
212,7552,"LEVEL 3 TELECOM OF ARIZONA, LLC - AZ",
213,587F,"BANDWIDTH.COM CLEC, LLC - AZ",
214,7991,SADDLEBACK COMMUNICATIONS COMPANY - AZ,
215,7217,"TELEPORT COMMUNICATIONS AMERICA, LLC - AZ",
216,579F,"PEERLESS NETWORK OF ARIZONA, LLC - AZ",
217,947E,"GILA LOCAL EXCHANGE CARRIER, INC. - AZ",
218,2226,"MIDVALE TELEPHONE EXCHANGE, INC.",
219,969J,"GLOBAL NET COMMUNICATIONS, INC.",
220,7465,MCIMETRO ACCESS TRANSMISSION SERVICES LLC - AZ,
221,2179,"GILA RIVER TELECOMM, INC.",
222,8293,NORTH COUNTY COMMUNICATIONS CORPORATION,
223,2173,TOHONO O'ODHAM UTILITY AUTHORITY,
224,3334,TABLE TOP TELEPHONE COMPANY,
225,4793,"XO ARIZONA, INC.",
226,5727,"FIRSTDIGITAL TELECOM, LLC - UT",
227,2176,VALLEY TEL COOP INC,
228,907K,ALLO COMMUNICATIONS LLC,
229,183D,"VALLEY CONNECTIONS, L.L.C. - AZ",
230,410H,"WIDE VOICE, LLC - AZ",
231,616J,"LEAP TELECOM, LLC",
232,890G,"INTRADO COMMUNICATIONS, LLC",
233,2171,ARIZONA TEL. CO.,
234,663G,"RE-INVENT TELECOM, LLC - AZ",
235,181J,"ADVANCED TELECOM SOLUTIONS, LLC",
236,4146,SMITH BAGLEY INC. DBA CELLULAR ONE OF NE ARIZONA,
237,2172,CITIZENS UTILITIES RURAL DBA FRONTIER UT RURAL,
238,4449,NAVAJO COMM CO INC - AZ DBA FRONTIER NAVAJO COM,
239,2200,FORT MOJAVE TELECOM INC,
240,4426,CITIZENS TELECOM CO OF WHITE MOUNTAINS INC.,
241,2356,"RIO VIRGIN TEL. CO., INC.",
242,5736,"COMMNET WIRELESS, LLC",
243,2169,"SAN CARLOS APACHE TELECOMMUNICATIONS UTILITY, INC.",
244,2191,ACCIPITER COMMUNICATIONS INC,
245,2286,"SOUTH CENTRAL UTAH TEL. ASSN., INC.",
246,4419,FRONTIER COMMUNICATIONS OF THE SOUTHWEST INC. - AZ,
247,815D,HOPI TELECOMMUNICATIONS INCORPORATED - AZ,
248,2174,SOUTHWESTERN TEL. CO.,
249,6006,CELLCO PARTNERSHIP DBA VERIZON WIRELESS - CA,
250,981E,"BANDWIDTH.COM CLEC, LLC - CA",
251,649C,"ONVOY, LLC - CA",
252,8826,"LEVEL 3 COMMUNICATIONS, LLC - CA",
253,394L,"COMCAST PHONE OF CALIFORNIA, LLC",
254,6967,33 WIRELESS INC.,
255,7128,MCIMETRO ACCESS TRANSMISSION SERVICES LLC - CA,
256,9740,PACIFIC BELL,
257,7145,"TELEPORT COMMUNICATIONS AMERICA, LLC - CA",
258,4420,FRONTIER CALIFORNIA INC.,
259,9262,"UTILITY TELECOM GROUP, LLC - CA",
260,373F,"PEERLESS NETWORK OF CALIFORNIA, LLC - CA",
261,252F,"WIDE VOICE, LLC - CA",
262,2343,VOLCANO TEL. CO.,
263,7262,"XO CALIFORNIA, INC.",
264,6906,"AMERICAN MESSAGING SERVICES, LLC",
265,2322,HORNITOS TEL. CO.,
266,2315,GLOBAL VALLEY NETWORKS,
267,7718,"LEVEL 3 TELECOM OF CALIFORNIA, LP - CA",
268,622J,SKYE TELECOM LLC DBA SKYETEL,
269,2338,"SIERRA TEL. CO., INC.",
270,2301,CALAVERAS TEL. CO.,
271,2342,CITIZENS TELECOM DBA FRONTIER COMM OF TOULUMNE,
272,899D,"METROPCS NETWORKS, LLC",Metro by T-Mobile
273,7240,MCIMETRO ACCESS TRANSMISSION SERVICES LLC - CA,
274,7894,NORTH COUNTY COMMUNICATION CORPORATION - CA,
275,7139,"TELEPORT COMMUNICATIONS AMERICA, LLC - CA",
276,973E,"RACE TELECOMMUNICATIONS, INC. - CA",
277,365J,RIGHT CALL LLC,
278,478A,DMR COMMUNICATIONS INC. - CA,
279,993B,"CURATEL, LLC - CA",
280,7534,FRONTIER CALIFORNIA INC.,
281,026K,"BARR TELL USA, LLC",
282,485E,"ASTOUND BROADBAND, LLC - CA",
283,193E,"8X8, INC.",
284,2319,FRONTIER CALIFORNIA INC.,
285,7480,PACIFIC BELL (COMPETITIVE),
286,707H,"INTEGRATED PATH COMMUNICATIONS, LLC - CA",
287,433E,"SONIC TELECOM, LLC - CA",
288,7174,ELECTRIC LIGHTWAVE LLC DBA ALLSTREAM,
289,7147,"TELEPORT COMMUNICATIONS AMERICA, LLC - CA",
290,824J,OPENTACT INC.,
291,385L,"SEQUOIA WIRELESS, LLC",
292,2308,CITIZENS TELECOM CA. DBA FRONTIER COM OF CA,
293,3402,CITIZENS TELECOMM DBA FRONTIER COMM GOLDEN STATE,
294,6261,UNITED STATES CELLULAR - CA,
295,2321,HAPPY VALLEY TEL. CO.,
296,734E,"CAL-ORE COMMUNICATIONS, INC. - CA",
297,2318,"FORESTHILL TEL. CO., INC.",
298,2311,CAL-ORE TELEPHONE CO.,
299,2339,SISKIYOU TEL. CO.,
300,863F,FRONTIER COMMUNICATIONS OF THE SOUTHWEST INC. - CA,
301,103G,"SNOWCREST TELEPHONE, INC -CA",
302,2313,DUCOR TEL. CO.,
303,2360,"CENTURYTEL OF OREGON, INC. DBA CENTURYLINK",
304,2332,PONDEROSA TEL. CO.,
305,2324,KERMAN TEL. CO.,
306,208K,"VESTED NETWORKS, LLC",
307,819H,"BLUIP, INC.",
308,2344,FRONTIER COMMUNICATIONS WEST COAST INC. - CA,
309,863D,"CONNECTTO COMMUNICATIONS, INC. - CA",
310,857F,"MCC TELEPHONY OF THE WEST, LLC - CA",
311,2323,WINTERHAVEN TEL. CO.,
312,808C,"INTRADO COMMUNICATIONS, LLC",
313,258E,YMAX COMMUNICATIONS CORP. - CA,
314,7379,"MATRIX TELECOM, LLC. S/I/I TNCI - CA",
315,9807,NORCAST COMMUNICATIONS CORPORATION - CA,
316,2346,PINNACLES TEL. CO.,
317,3964,"FIDIUM ENTERPRISE SERVICES, LLC",
318,2334,CONSOLIDATED COMMUNICATIONS OF CALIFORNIA COMPANY,
319,006E,"FRONTIER COMMUNICATIONS OF AMERICA, INC. - CA",
320,7378,"TELEPORT COMMUNICATIONS AMERICA, LLC - CO",
321,6567,CELLCO PARTNERSHIP DBA VERIZON WIRELESS - CO,Verizon
322,6118,"LEVEL 3 COMMUNICATIONS, LLC - CO",
323,6874,"N.E. COLORADO CELLULAR, INC.",
324,026D,"ONVOY, LLC - CO",
325,765B,"ELBERT COUNTY WIRELESS, LLC",
326,3044,"LIVE WIRE NETWORKS, INC. - CO",
327,3467,ELECTRIC LIGHTWAVE LLC DBA ALLSTREAM,
328,2207,STRASBURG TEL. CO.,
329,2186,"EASTERN SLOPE RURAL TEL. ASSN., INC.",
330,6907,COMMUNICATIONS UNLIMITED,
331,2181,"BIJOU TEL. COOP. ASSN., INC.",
332,4574,"LEVEL 3 TELECOM OF COLORADO, LLC - CO",
333,5972,INTERLINK ADV SVC DBA FORETHOUGHT.NET - CO,
334,2202,ROGGEN TEL. COOP. CO.,
335,881B,"ILOKA, INC. DBA NEWCLOUD NETWORKS - CO",
336,078F,"BANDWIDTH.COM CLEC, LLC - CO",
337,2182,BLANCA TEL. CO.,
338,7590,"LEVEL 3 TELECOM OF COLORADO, LLC - CO",
339,2185,"CENTURYTEL OF EAGLE, INC. DBA CENTURYLINK",
340,2204,CONSOLIDATED COMMUNICATIONS OF COLORADO COMPANY,
341,278F,"PEERLESS NETWORK OF COLORADO, LLC - CO",
342,8980,"XO COLORADO, LLC",
343,768C,"SECOM, INC. - CO",
344,1827,S & T TEL. COOP. ASSN.,
345,2016,"PANHANDLE TELEPHONE COOPERATIVE, INC.",
346,2187,THE EL PASO COUNTY TELEPHONE COMPANY,
347,2198,PINE DRIVE TEL. CO.,
348,2203,"RYE TEL. CO., INC.",
349,567G,"TELIAX, INC. - CO",
350,1817,"PIONEER TEL. ASSN., INC.",
351,2192,CONSOLIDATED COMMUNICATIONS OF COLORADO COMPANY,
352,1835,CONSOLIDATED COMMUNICATIONS OF KANSAS COMPANY,
353,436J,"HADLO TECHNOLOGIES, LLC",
354,2178,AGATE MUTUAL TELEPHONE COOPERATIVE ASSOCIATION,
355,557H,"WIDE VOICE, LLC - CO",
356,2195,SOUTH PARK TELEPHONE COMPANY,
357,641H,TDS BROADBAND SERVICE LLC,
358,588A,ZIPPYTECH INCORPORATED,
359,809C,"INTRADO COMMUNICATIONS, LLC",
360,330B,"FASTTRACK COMMUNICATIONS, INC. - CO",
361,019J,"AIRUS, INC. - CO",
362,016G,TELSTAR COMMUNICATIONS INC,
363,022H,"COMMIO, LLC",
364,839J,"EON TELECOM, INC.",
365,1772,UINTAH BASIN ELECTRONIC TELECOMMUNICATIONS,
366,2210,WILLARD TEL. CO.,
367,9631,QWEST CORPORATION,
368,2208,"CENTURYTEL OF COLORADO, INC. DBA CENTURYLINK",
369,2190,HAXTUN TEL. CO.,
370,013B,UNION TELEPHONE COMPANY,
371,4164,"SAN ISABEL TELECOM, INC. - CO",
372,2196,PEETZ COOP. TEL. CO.,
373,2199,"PLAINS COOP. TEL. ASSN., INC.",
374,2297,UNION TEL. CO.,
375,775D,NUCLA-NATURITA TELEPHONE COMPANY,
376,2209,WIGGINS TEL. ASSN.,
377,1577,"GREAT PLAINS COMMUNICATIONS, INC.",
378,312G,"NORTHERN COLORADO COMMUNICATIONS, LLC. - CO",
379,075G,"FARMERS TELECOMMUNICATIONS, INC. - CO",
380,2184,"DELTA COUNTY TELE-COMM, INC.",
381,2188,"FARMERS TEL. CO., INC.",
382,2291,"DUBOIS TEL. EXCH., INC.",
383,2206,STONEHAM COOP. TEL. CO.,
384,2197,PHILLIPS COUNTY TEL. CO.,
385,2193,NUCLA-NATURITA TEL. CO.,
386,2194,NUNN TEL. CO.,
387,2201,RICO TEL. CO.,
388,022J,ZIPPYTECH INC. - CO,
389,053L,"TELIMIZE, LLC",
390,199F,"BANDWIDTH.COM CLEC, LLC - CT",
391,4950,"CABLEVISION LIGHTPATH, INC. - CT",
392,639C,"ONVOY, LLC - CT",
393,7143,"TELEPORT COMMUNICATIONS AMERICA, LLC - CT",
394,9147,SOUTHERN NEW ENGLAND TELCO DBA FRONTIER COMM OF CT,
395,4036,"NEW CINGULAR WIRELESS PCS, LLC - DC",
396,6388,CELLCO PARTNERSHIP DBA VERIZON WIRELESS - CT,
397,6624,"OMNIPOINT COMMUNICATIONS, INC. - CT",
398,7230,MCIMETRO ACCESS TRANSMISSION SERVICES LLC - CT,
399,7140,"TC SYSTEMS, INC. - NY",
400,4800,"LEVEL 3 COMMUNICATIONS, LLC - CT",
401,9104,"VERIZON NEW YORK, INC.",
402,539F,"PEERLESS NETWORK OF CONNECTICUT, LLC - CT",
403,866H,"BARR TEL USA, INC. - CT",
404,6919,"AQUIS COMMUNICATIONS, INC.",
405,466E,"IDT AMERICA, CORP. - CT",
406,350E,YMAX COMMUNICATIONS CORP. - CT,
407,9211,"VERIZON WASHINGTON DC, INC.",
408,6855,"OMNIPOINT COMMUNICATIONS CAP OPERATIONS, LLC",
409,850D,"ONVOY, LLC - DC",
410,074F,"BANDWIDTH.COM CLEC, LLC - DC",
411,6402,CELLCO PARTNERSHIP DBA VERIZON WIRELESS - DC,
412,280E,YMAX COMMUNICATIONS CORP. - DC,
413,6117,"LEVEL 3 COMMUNICATIONS, LLC - DC",
414,8831,"STARPOWER COMMUNICATIONS, LLC - DC",
415,275F,"PEERLESS NETWORK OF THE DISTRICT OF COLUMBIA, DC",
416,7529,"TELEPORT COMMUNICATIONS AMERICA, LLC - DC",
417,2801,"LEVEL 3 TELECOM OF D.C., LLC - DC",
418,6810,REDI-CALL COMMUNICATIONS CO.,
419,538H,"WIDE VOICE, LLC - DC",
420,513G,"ATLANTECH ONLINE, INC. - DC",
421,8964,"XO D.C., INC.",
422,812C,INTRADO COMMUNICATIONS LLC,
423,645H,"AIRUS, INC. - DC",
424,879H,"BARR TELL USA, INC. - DC",
425,279E,YMAX COMMUNICATIONS CORP. - DE,
426,969E,"ONVOY, LLC - DE",
427,9210,"VERIZON DELAWARE, INC.",
428,4801,"LEVEL 3 COMMUNICATIONS, LLC - DE",
429,6626,"OMNIPOINT COMMUNICATIONS ENTERPRISES, LP",
430,073F,"BANDWIDTH.COM CLEC, LLC - DE",
431,6393,CELLCO PARTNERSHIP DBA VERIZON WIRELESS - DE,
432,7309,"TELEPORT COMMUNICATIONS AMERICA, LLC - PA",
433,783E,"BLOCK LINE SYSTEMS, LLC - DE",
434,349F,"PEERLESS NETWORK OF DELAWARE, LLC - DE",
435,4276,SCOTT SABO DBA ALLPAGE,
436,7220,MCIMETRO ACCESS TRANSMISSION SERVICES LLC - DE,
437,1991,"CORETEL DELAWARE, INC. - DE",
438,312C,"IDT AMERICA, CORP. - DE",
439,0935,"D-TEL, LLC - DE",
440,826F,"MCC TELEPHONY OF THE MID-ATLANTIC, LLC - DE",
441,274E,"NETCARRIER TELECOM, INC. - DE",
442,4802,"LEVEL 3 COMMUNICATIONS, LLC - FL",
443,937C,"ONVOY, LLC - FL",
444,6502,CELLCO PARTNERSHIP DBA VERIZON WIRELESS - FL,Verizon
445,0341,"CENTURYLINK OF FLORIDA, INC. (UNITED)",
446,7857,ORLANDO TELEPHONE COMPANY DBA SUMMIT BROADBAND,
447,8300,"TELEPORT COMMUNICATIONS AMERICA, LLC - FL",
448,6889,"OMNIPOINT MIAMI E LICENSE, LLC",
449,7448,"MCI WORLDCOM COMMUNICATIONS, INC. - FL",
450,469A,"T3 COMMUNICATIONS, INC. - FL",
451,902E,"PEERLESS NETWORK OF FLORIDA, LLC - FL",
452,982E,"BANDWIDTH.COM CLEC, LLC - FL",
453,594D,YMAX COMMUNICATIONS CORP. - FL,
454,704G,"WIDE VOICE, LLC - FL",
455,6548,"ABC PAGING CITY BEEPERS, INC.",
456,158H,INVOXIO INCORPORATED,
457,382G,"TERRA NOVA TELECOM, INC. - FL",
458,159H,"SMARTEDGENET, LLC",
459,8664,MCIMETRO ACCESS TRANSMISSION SERVICES LLC - FL,
460,971D,PROTECTION PLUS THE FL KEYS DBA ENGAGE COMM - FL,
461,7635,"LEVEL 3 TELECOM OF FLORIDA, LP - FL",
462,480D,"OPTICAL TELECOMMUNICATIONS, INC. - FL",
463,693K,"LIVEWIRE TELECOM, LLC",
464,632K,"BARR TELL USA, LLC",
465,6701,"AERIAL COMMUNICATIONS, INC.",T-Mobile
466,6100,"XO FLORIDA, INC.",
467,8105,"SMART CITY SOLUTIONS II, LLC DBA SMART CITY METRO",
468,206A,"FUSION CLOUD SERVICES, LLC",
469,481F,"CORETEL FLORIDA, INC. - FL",
470,6483,"AMERICAN MESSAGING SERVICES, LLC",
471,0330,SMART CITY TELECOM LLC DBA SMART CITY TELECOM,
472,7472,"POWERTEL JACKSONVILLE LICENSES, INC.",
473,6617,"BAKER'S ELECTRONICS & COMM., INC.",
474,0336,"WINDSTREAM FLORIDA, INC.",
475,018A,"FUSION CLOUD SERVICES, LLC",
476,489J,"1ST POINT COMMUNICATIONS, LLC",
477,7391,CENTURYLINK COMMUNICATIONS LLC - FL,
478,7533,"BELLSOUTH TELECOMMUNICATIONS, LLC",
479,813C,"INTRADO COMMUNICATIONS, LLC",
480,010H,"INTEGRATED PATH COMMUNICATIONS, LLC - FL",
481,765A,IDT AMERICA CORP. - FL,
482,572G,"ITS FIBER, LLC",
483,472K,"CABLEVISION LIGHTPATH, LLC",
484,733J,"WIRETAP TELECOM, LLC.",
485,548J,"QUALITY VOICE & DATA, INC.",
486,685J,TYCHRON CORPORATION,
487,0328,FRONTIER FLORIDA LLC DBA FRONTIER COMM OF FLORIDA,
488,587B,"HOME TOWN TELEPHONE, LLC - FL",
489,0331,"ITS TELECOM SYSTEMS, LLC DBA BLUE STREAM FIBER",
490,520F,"DIGITALIPVOICE, INC. - FL",
491,9264,DSL INTERNET CORPORATION - FL,
492,517J,EWART TECHNOLOGIES INC DBA ISLECALL COMM,
493,3840,"LINGO TELECOM, LLC",
494,305H,"BARR TELL USA, INC. - FL",
495,0340,"CENTURYLINK OF FLORIDA, INC. (CENTRAL)",
496,0291,CONSOLIDATED COMMUNICATIONS OF FLORIDA COMPANY,
497,4465,"FRONTIER COMMUNICATIONS OF THE SOUTH, LLC - FL",
498,919F,"MCC TELEPHONY OF FLORIDA, LLC - FL",
499,0338,QUINCY TEL CO,
500,6771,PORTA-PHONE DIV OF JOHN H. PHIPPS DBA AM MESG SVC,
501,811H,"TELEPAK NETWORKS, INC. - FL",
502,213H,"VOICE STREAM NETWORK, INC. - FL",
503,9324,"NOVUS COMMUNICATIONS, INC. - FL",
504,856H,"MIX NETWORKS, INC.",
505,0335,"NORTHEAST FLORIDA TEL. CO., INC.",
506,6841,R AND G DISTRIBUTOR'S,
507,6540,CELLCO PARTNERSHIP DBA VERIZON WIRELESS - GA,
508,067D,"ONVOY, LLC - GA",
509,4332,WINDSTREAM GEORGIA COMMUNICATIONS CORP.,
510,983E,"BANDWIDTH.COM CLEC, LLC - GA",
511,6116,"LEVEL 3 COMMUNICATIONS, LLC - GA",
512,6145,CITY OF THOMASVILLE,
513,0355,"CITIZENS TEL. CO., INC.",
514,8392,"TELEPORT COMMUNICATIONS AMERICA, LLC - GA",
515,720H,CITY OF ALBANY D/B/A ALBANY UTILITY BOARD,
516,0357,"WINDSTREAM GEORGIA, INC.",
517,7435,MCIMETRO ACCESS TRANSMISSION SERVICES LLC - GA,
518,4425,"GEORGIA WINDSTREAM, INC.",
519,0364,"WINDSTREAM GEORGIA TELEPHONE, INC.",
520,9161,"COMSOUTH TELENET, INC. - GA",
521,841E,"PLANT TELENET, INC. - GA",
522,0379,PLANT TEL. CO.,
523,901G,"PUBLIC SERVICE WIRELESS SERVICES, INC.",
524,458G,"PINELAND COMMUNICATIONS, INC. - GA",
525,909E,"PEERLESS NETWORK OF GEORGIA, LLC - GA",
526,6628,"MERRYVILLE INVESTMENTS, LTD DBA BEST PAGE",
527,7490,"LEVEL 3 TELECOM OF GEORGIA, LP - GA",
528,0172,BROADRIVER COMMUNICATION CORPORATION,
529,052G,"CORETEL GEORGIA, INC. - GA",
530,844G,"O1 COMMUNICATIONS EAST, LLC - GA",
531,362B,"DOVETEL COMMUNICATIONS, LLC - GA",
532,205D,"ETC COMMUNICATIONS, L.L.C. - GA",
533,529H,"WIDE VOICE, LLC - GA",
534,518J,"ASSURANCE TELECOM, LLC",
535,187J,"NOBLE SYSTEMS COMMUNICATIONS, LLC",
536,0377,"PINELAND TEL. COOP., INC.",
537,0380,"PROGRESSIVE RURAL TEL. COOP., INC.",
538,0395,"WINDSTREAM ACCUCOMM TELECOMMUNICATIONS, INC.",
539,0369,"COMSOUTH TELECOMMUNICATIONS, INC.",
540,0381,PUBLIC SERVICE TEL. CO.,
541,0155,"LINGO TELECOM, LLC",
542,8758,"XO GEORGIA, INC.",
543,0386,"WINDSTREAM STANDARD, INC.",
544,0346,BLUE RIDGE TEL. CO.,
545,0375,NELSON-BALL GROUND TEL. CO.,
546,0360,ELLIJAY TEL. CO.,
547,0394,"WILKES TEL. & ELEC. CO., INC.",
548,0362,"FRONTIER COMMUNICATIONS OF GEORGIA, LLC",
549,0354,CHICKAMAUGA TEL. CORP.,
550,0368,HART TEL. CO.,
551,0389,TRENTON TEL. CO.,
552,8645,SUNCOM DBA T-MOBILE USA,
553,847G,"TRUVISTA COMMUNICATIONS OF GEORGIA, LLC - GA",
554,3139,"BD OF WATER, LIGHT & SINKING FUND COMM, DBA DALTON",
555,0392,"WAVERLY HALL TELEPHONE, LLC",
556,271E,"RTC SOLUTIONS, INC. - GA",
557,0382,RINGGOLD TEL. CO.,
558,898E,"SOUTH CAROLINA NET, INC. DBA SPIRIT TELECOM - GA",
559,744E,"GEORGIA BUSINESS NET TELECOMMUNICATIONS, LLC - GA",
560,0387,"FRONTIER COMMUNICATIONS OF GEORGIA, LLC",
561,692E,"PLANTERS COMMUNICATIONS, LLC - GA",
562,3622,"AL-CALL, INC. - GA",
563,0356,"BRIGHTSPEED OF GEORGIA, LLC",
564,0344,"ALMA TEL. CO., INC.",
565,0358,"DARIEN TEL. CO., INC.",
566,0347,"BRANTLEY TEL. CO., INC.",
567,0351,"CAMDEN TEL. & TEL. CO., INC.",
568,0365,GLENWOOD TEL. CO.,
569,0348,"BULLOCH COUNTY RURAL TEL. COOP., INC.",
570,0376,"PEMBROKE TEL. CO., INC.",
571,0378,"PLANTERS RURAL TEL. COOP., INC.",
572,084K,"NUMBER SENTRY, LLC",
573,3922,"TELEGUAM HOLDINGS, LLC",
574,332E,PACIFIC DATA SYSTEMS - GU,
575,3800,"TELEGUAM HOLDINGS, LLC",
576,387C,PTI PACIFICA INC.,
577,3945,"GUAM WIRELESS TELEPHONE COMPANY, LLC",
578,599E,PTI PACIFICA INC. DBA IT&E,
579,1085,"CHOICE PHONE, LLC DBA ICONN",
580,335E,PTI PACIFICA INC. DBA IT&E - GU,
581,897F,"DOCOMO PACIFIC, INC.",
582,210H,"ONVOY, LLC - HI",
583,8297,"LEVEL 3 TELECOM OF HAWAII, LP - HI",
584,486J,"AIRUS, INC. - HI",
585,6516,CELLCO PARTNERSHIP DBA VERIZON WIRELESS - HI,
586,3100,"HAWAIIAN TELCOM, INC. - HI",
587,517G,SERVPAC INCORPORATED - HI,
588,009G,"HAWAIIAN TELCOM SERVICES COMPANY, INC. - HI",
589,3021,"SANDWICH ISLES COMMUNICATIONS, INC.",
590,7454,WAVECOM SOLUTIONS CORPORATION - HI,
591,9414,"LEVEL 3 COMMUNICATIONS, LLC - HI",
592,844F,"HAWAII DIALOGIX TELECOM, LLC",
593,003J,"TELEPORT COMMUNICATIONS AMERICA, LLC - HI",
594,411H,"WIDE VOICE, LLC - HI",
595,695G,"IMON COMMUNICATIONS, LLC - IA",
596,6266,UNITED STATES CELLULAR - IA,
597,198H,FARM & MERCH MUTUAL TELCO DBA KALONA COOP TEL,
598,9877,"LEVEL 3 COMMUNICATIONS, LLC - IA",
599,6570,CELLCO PARTNERSHIP DBA VERIZON WIRELESS - IA,
600,2842,LOCAL TELEPHONE DATA SERVICES CORP.,
601,1167,"WINDSTREAM IOWA COMMUNICATIONS, INC. - NORTH",
602,1298,"SOUTH SLOPE COOP. TEL. CO., INC.",
603,1320,VAN HORNE COOP. TEL. CO.,
604,221F,"ONVOY, LLC - IA",
605,1170,"WINDSTREAM IOWA COMMUNICATIONS, INC. - SYSTEMS",
606,8344,"TELEPORT COMMUNICATIONS AMERICA, LLC - IA",
607,1178,"WINDSTREAM IOWA COMMUNICATIONS, INC.",
608,1166,FARMERS & MERCHANTS DBA KALON COOP TELE CO (KCTC),
609,1152,DUMONT TEL. CO.,
610,1115,BUTLER-BREMER MUTUAL TEL. CO.,
611,1278,READLYN TEL. CO.,
612,985E,"BANDWIDTH.COM CLEC, LLC - IA",
613,1319,"VAN BUREN TEL. CO., INC.",
614,423H,"AIRUS, INC - IA",
615,444G,"AUREON COMMUNICATIONS, LLC",
616,544H,"INTEGRATED PATH COMMUNCATIONS, LLC - IA",
617,649D,INDEPENDENCE TELECOMMUNICATIONS UTILITY - IA,
618,1220,LA PORTE CITY TEL. CO.,
619,527G,"SHELLSBURG CABLEVISION, INC. - IA",
620,1147,DANVILLE MUTUAL TEL. CO.,
621,1251,MEDIAPOLIS TEL. CO.,
622,346F,"HEART OF IOWA VENTURES, L.L.C. - IA",
623,351F,MARTELLE COOP TEL ASC DBA MARTELLE COMM COOP IA,
624,4189,"SHELLSBURG CABLEVISION, INC.",
625,1173,FARMERS MUTUAL TEL. CO.,
626,1275,"PRAIRIEBURG TEL. CO., INC.",
627,1217,KEYSTONE FARMS COOP. TEL. CO.,
628,1101,"ATKINS TEL. CO., INC.",
629,1136,"SHELLSBURG CABLEVISION, INC.",
630,1162,FARMERS COOP. TEL. CO.,
631,1238,MARTELLE COOP. TEL. ASSN.,
632,1264,"OLIN TEL. CO., INC.",
633,1139,COOPERATIVE TEL. CO.,
634,4650,"LOUISA COMMUNICATIONS, LC - IA",
635,751F,"MCC TELEPHONY OF IOWA, LLC - IA",
636,562E,SOUTH SLOPE COOPERATIVE TELEPHONE COMPANY - IA,
637,1332,WEST LIBERTY TEL. CO.,
638,1156,EAST BUCHANAN TEL. COOP.,
639,1266,ORAN MUTUAL TEL. CO.,
640,1247,MODERN COOP. TEL. CO.,
641,1329,WELLMAN COOP. TEL. ASSN.,
642,1214,KALONA COOP. TEL. CO.,
643,1257,NORTH ENGLISH COOP. TEL. CO.,
644,1293,SHARON TEL. CO.,
645,722G,"WIDE VOICE, LLC - IA",
646,938D,"WINDSTREAM IT-COMM, LLC - IA",
647,9129,REINBECK MUNICIPAL TELECOMMUNICATIONS UTILITY - IA,
648,1153,DUNKERTON TEL. COOP.,
649,1171,FARMERS MUTUAL TEL. CO.,
650,1269,PALO COOP. TEL. ASSN.,
651,1302,"SPRINGVILLE COOP. TEL. ASSN., INC.",
652,957H,KALONA COOPERATIVE TELEPHONE COMPANY - IA,
653,1250,MUTUAL TEL. CO. OF MORNING SUN,
654,179J,"EDGETEL, LLC",
655,624E,"ATKINS TELEPHONE COMPANY, INC. - IA",
656,5852,HUXLEY COMMUNICATIONS COOPERATIVE - IA,
657,6753,ELECTRONIC ENGINEERING COMPANY,
658,8858,"IOWA NETWORK SVCS INC DBA AUREON NTWK SVCS, INC.",
659,1263,OGDEN TEL. CO.,
660,1328,WEBSTER-CALHOUN COOP. TEL. ASSN.,
661,1225,LEHIGH VALLEY COOP. TEL. ASSN.,
662,859D,"NEXGEN INTEGRATED COMMUNICATION, L.L.C. - IA",
663,1212,JEFFERSON TEL. CO.,
664,9900,ALGONA MUNICIPAL UTILITIES - IA,
665,1158,"MINBURN TELECOMMUNICATIONS, INC.",
666,904D,"PREMIER COMMUNICATIONS, INC. - IA",
667,1303,COOPERATIVE TEL. EXCH.,
668,1127,"FRONTIER COMMUNICATIONS OF IOWA, INC.",
669,1262,"COMMUNICATIONS 1 NETWORKS, INC.",
670,1205,HUXLEY COMMUNICATIONS COOPERATIVE,
671,842E,"COMMUNICATIONS 1 NETWORK, INC. - IA",
672,860F,GREENWAY COMMUNICATIONS L.L.C. - IA,
673,143H,MINBURN TELEPHONE COMPANY - IA,
674,1245,MINBURN TEL. CO.,
675,3620,"OMNITEL COMMUNICATIONS, INC. - IA",
676,1188,GOLDFIELD TEL. CO.,
677,1157,ELLSWORTH COOP. TEL. ASSN.,
678,1305,STRATFORD MUTUAL TEL. CO.,
679,1342,WOOLSTOCK MUTUAL TEL. ASSN.,
680,7215,"INDEPENDENT NETWORKS, LLC",
681,1337,WINNEBAGO COOP. TEL. ASSN. - IA,
682,1261,NORTHWEST TEL. COOP. ASSN.,
683,1179,FENTON COOP. TEL. CO.,
684,1277,"RADCLIFFE TEL. CO., INC.",
685,1310,TITONKA TEL. CO. DBA TITONKA-BURT COMMUNICATIONS,
686,1228,LONE ROCK COOP. TEL. CO.,
687,1125,CENTRAL SCOTT TEL.,
688,1106,"ALPINE COMMUNICATIONS, L.C.",
689,1160,"F&B COMMUNICATIONS, INC.",
690,429J,HAWKEYE INTERCONNECT COMPANY - IA,
691,204A,"CS TECHNOLOGIES, INC. - IA",
692,1346,ACE TEL. ASSN. - IA,
693,1199,HAWKEYE TEL. CO.,
694,1241,MECHANICSVILLE TEL. CO.,
695,1130,CLARENCE TEL. CO. INC.,
696,1265,ONSLOW COOP. TEL. ASSN.,
697,1121,CENTER JUNCTION TEL. CO.,
698,1343,WYOMING MUTUAL TEL. CO.,
699,1485,SPRING GROVE COMMUNICATIONS,
700,1421,MABEL TEL. COOP. CO. - MN,
701,1345,ACE TEL. ASSN. - MN,
702,1230,NORTHEAST IOWA TEL. CO.,
703,1126,"CENTURYTEL OF CHESTER, INC. DBA CENTURYLINK",
704,4245,"F&B COMMUNICATIONS, INC. - IA",
705,1276,PRESTON TEL. CO.,
706,1097,"ANDREW TEL. CO., INC.",
707,1107,"BALDWIN NASHVILLE TEL. CO., INC.",
708,1229,LOST NATION-ELWOOD TEL. CO.,
709,1242,MILES COOP. TEL. ASSN.,
710,1118,CASCADE COMMUNICATIONS COMPANY,
711,1336,WILTON TEL. CO.,
712,1424,MABEL COOP. TEL. CO. - IA,
713,1222,LA MOTTE TEL. CO.,
714,1150,"DIXON ACQUISITION, LLC",
715,1191,GRAND MOUND COOP. TEL. ASSN.,
716,859H,NEIT SERVICES LLC - IA,
717,1274,"CENTURYTEL OF POSTVILLE, INC. DBA CENTURYLINK",
718,1110,"BERNARD TEL. CO., INC.",
719,1404,HARMONY TEL. CO.,
720,4796,"CEDAR COMMUNICATIONS, LLC",
721,1177,FARMERS TEL. CO.,
722,1187,PARTNER COMMUNICATIONS COOPERATIVE,
723,9572,IOWA RSA 2 LIMITED PARTNERSHIP DBA CHAT MOBILITY,
724,1209,"FMTC-I35, INC. D/B/A OMNITEL COMMUNICATIONS",
725,1123,CITIZENS TELECOM CO MN-FRONTIER CITIZENS COM-MN,
726,6103,WINNEBAGO COOPERATIVE TELEPHONE ASSOCIATION - IA,
727,5840,"GUTHRIE TELECOMMUNICATIONS NETWORK, INC. - IA",
728,1888,GRAND RIVER MUTUAL TEL CO,
729,1137,"COON VALLEY COOP. TEL. ASSN., INC.",
730,1132,CLEAR LAKE INDEPENDENT TEL. CO.,
731,1297,HEART OF IOWA COMMUNICATIONS COOPERATIVE - IA,
732,1134,COLO TEL. CO.,
733,1172,FARMERS MUTUAL TEL. CO. NORA SPRINGS,
734,1271,PANORA COMMUNICATIONS COOPERATIVE,
735,1094,"SOUTH CENTRAL COMMUNICATIONS, INC.",
736,068H,"NORTHLAND COMMUNICATIONS, INC. - IA",
737,1129,CITIZENS MUTUAL TELEPHONE COOPERATIVE,
738,1246,"MINERVA VALLEY TEL. CO., INC.",
739,1248,"WINDSTREAM MONTEZUMA, LLC",
740,1113,BROOKLYN MUTUAL TEL. CO.,
741,1232,LYNNVILLE TELEPHONE COMPANY,
742,168F,LENOX MUNICIPAL COMMUNICATIONS UTILITY - IA,
743,1292,"SEARSBORO TEL. CO., INC.",
744,1306,SULLY TEL. ASSN.,
745,1169,FARMERS MUTUAL COOP. TEL. CO.,
746,1108,BARNES CITY COOP. TEL. CO.,
747,1175,FARMERS TEL. CO.,
748,916A,"MAHASKA COMMUNICATION GROUP, LLC - IA",
749,747C,KILLDUFF TELEPHONE COMPANY,
750,1119,CASEY MUTUAL TEL. CO.,
751,1282,ROCKWELL COOP. TEL. ASSN.,
752,739D,"REASNOR TELEPHONE COMPANY, LLC",
753,1322,"VENTURA TEL. CO., INC.",
754,9758,OSAGE MUNICIPAL COMMUNICATIONS UTILITY - IA,
755,1203,HUBBARD COOP. TEL. ASSN.,
756,1358,BLUE EARTH VALLEY TEL. CO.,
757,3097,ALTA MUNICIPAL UTILITIES - IA,
758,774B,"WALNUT TELEPHONE COMPANY, INC. - IA",
759,828B,"LONG LINES METRO, INC. - IA",
760,7021,IMON COMMUNICATIONS LLC,
761,1260,"NORTHWEST IOWA TELEPHONE, LLC",
762,5395,FARMERS MUTUAL COOPERATIVE TELEPHONE COMPANY - IA,
763,5417,FARMERS MUTUAL COOPERATIVE TELEPHONE COMPANY,
764,7816,WINDSTREAM COMMUNICATIONS OF THE MIDEWEST INC - NE,
765,1291,SCHALLER TEL. CO.,
766,1109,HEARTLAND TELECO OF IA DBA PREMIER COMMUNICATIONS,
767,1811,"EMBARQ MISSOURI, INC. DBA CENTURYLINK - MO",
768,7458,"ADVANCED NETWORK COMMUNICATIONS, LLC",
769,366J,C-M-L TELEPHONE COOPERATIVE ASSOCIATION OF MERIDEN,
770,1334,WESTERN IOWA TEL. ASSN.,
771,1270,PALMER MUTUAL TEL. CO.,
772,460J,"LTE WIRELESS, INC. - IA",
773,1285,SAC COUNTY MUTUAL TEL. CO.,
774,1331,WEST IOWA TEL. CO.,
775,1176,FARMERS TEL. CO.,
776,205H,WESTERN IOWA TELEPHONE ASSOCIATION - IA,
777,1344,"PRAIRIE TEL. CO., INC.",
778,1301,"SOUTHWEST TEL. EXCH., INC.",
779,156C,"BTC, INC. - IA",
780,1105,AYRSHIRE FARMERS MUTUAL TEL. CO.,
781,345D,GREAT LAKES COMMUNICATION CORP. - IA,
782,4092,"COMMCHOICE OF IOWA, LLC",
783,1273,PEOPLES TEL. CO.,
784,1133,C-M-L TEL. COOP. ASSN. OF MERIDEN IOWA,
785,1405,"ALLIANCE COMMUNICATIONS COOPERATIVE, INC. - IA",
786,1259,NORTHERN IOWA TEL. CO.,
787,478H,"AIRUS, INC. - NE",
788,1112,BREDA TEL. CORP.,
789,860E,INTERSTATE CABLEVISION COMPANY - IA,
790,3699,"CORN BELT COMMUNICATIONS, INC. - IA",
791,1206,"IAMO COMMUNICATIONS, INC.",
792,1237,MARNE & ELK HORN TEL. CO.,
793,8708,HAWARDEN MUNICIPAL UTILITIES,
794,482J,WEBSTER-CALHOUN TELEPHONE ASSOCIATION - IA,
795,3390,SPENCER MUNICIPAL COMMUNICATION UTILITY,
796,1174,FARMERS MUTUAL TELEPHONE COMPANY,
797,1168,FARMERS MUTUAL COOP. TEL. CO.,
798,1294,SCRANTON TEL. CO.,
799,3057,MANNING MUNICIPAL COMM AND TELVSN SYS UT - IA,
800,1335,WESTSIDE INDEPENDENT TEL. CO.,
801,1141,CORN BELT TEL. CO.,
802,1308,TEMPLETON TEL. CO.,
803,9769,"ORANGE CITY COMMUNICATIONS, LLP - IA",
804,012E,"GREAT PLAINS BROADBAND, INC. - NE",
805,1252,MUTUAL TEL. CO.,
806,1202,"HOSPERS TEL. EXCH., INC.",
807,1195,GRISWOLD COOP. TEL. CO.,
808,705H,"NORTHERN IOWA COMMUNICATIONS PARTNERS, LLC - IA",
809,1146,CUMBERLAND TEL. CO.,
810,1239,MASSENA TEL. CO.,
811,1316,UNITED FARMERS TEL. CO.,
812,1327,WEBB-DICKENS TEL. CORP.,
813,1189,RIVER VALLEY TELECOMMUNICATIONS COOP.,
814,4115,LAURENS MUNICIPAL COMMUNICATIONS UTILITY - IA,
815,1309,TERRIL TELEPHONE COOPERATIVE,
816,1307,SUPERIOR TEL. COOP.,
817,1280,RINGSTED TEL. CO.,
818,130A,MAPLETON COMMUNICATIONS UTILITY - IA,
819,1213,JORDAN-SOLDIER VALLEY TELEPHONE COMPANY,
820,3112,COMMUNITY CABLE TV AGCY O'BRIEN CO. DBA COMM.-IA,
821,1283,ROYAL TEL. CO.,
822,1367,"FRONTIER COMMUNICATIONS OF MINNESOTA, INC.",
823,1568,"WINDSTREAM NEBRASKA, INC.",
824,1642,"ALLIANCE COMMUNICATIONS COOPERATIVE, INC. (BALTIC)",
825,4069,COON RAPIDS MUNICIPAL UTILITY - IA,
826,6565,CELLCO PARTNERSHIP DBA VERIZON WIRELESS - ID,
827,689F,"ONVOY, LLC - ID",
828,192F,"BANDWIDTH.COM CLEC, LLC - ID",
829,678B,MCIMETRO ACCESS TRANSMISSION SERVICES LLC - ID,
830,808G,"TELEPORT COMMUNICATIONS AMERICA, LLC - ID",
831,2423,INLAND TEL CO,
832,022G,"MILLENNIUM NETWORKS, LLC - ID",
833,4324,"ZIPLY FIBER NORTHWEST, LLC DBA ZIPLY FIBER",
834,4321,"ZIPLY FIBER NORTHWEST, LLC DBA ZIPLY FIBER",
835,7865,ELECTRIC LIGHTWAVE LLC DBA ALLSTREAM,
836,2215,CAMBRIDGE TELEPHONE COMPANY,
837,704D,"RED-BAN COMMUNICATIONS, LLC - ID",
838,2230,"POTLATCH TEL. CO., INC.",
839,7558,"LEVEL 3 COMMUNICATIONS, LLC - ID",
840,3268,"RURAL NETWORK SERVICES, INC. - ID",
841,4427,"ZIPLY FIBER IDAHO, LLC DBA ZIPLY FIBER",
842,2220,FILER MUTUAL TEL CO,
843,2232,"DIRECT COMMUNICATIONS ROCKLAND, INC.",
844,2213,ALBION TELEPHONE CO. DBA ATC COMMUNICATIONS,
845,7511,"LEVEL 3 TELECOM OF IDAHO, LLC - ID",
846,2214,COLUMBINE TELCO DBA SILVER STAR COMMUNICATIONS,
847,4032,"CTC TELECOM, INC.",
848,7870,"BLACKFOOT COMMUNICATIONS, INC. - MT",
849,2227,"MUD LAKE TELEPHONE COOPERATIVE ASSOCIATION, INC.",
850,2233,RURAL TEL CO,
851,340D,"GOLD STAR COMMUNICATIONS, LLC",
852,2231,"PROJECT MUTUAL TEL. COOP. ASSN., INC.",
853,2221,FARMERS MUTUAL TEL. CO.,
854,2222,FREMONT TELCOM CO.,
855,4437,CENTURYTEL GEM STATE INC-ID DBA CENTURYLINK - ID,
856,1484,INLAND CELLULAR LLC,
857,3816,"PROJECT MUTUAL TEL. COOP. ASSN., INC. - ID",
858,579H,"AIRUS, INC. - ID",
859,520K,"TDS METROCOM, LLC",
860,5869,"SYRINGA NETWORKS, LLC",
861,2295,SILVER STAR TEL CO INC,
862,5221,"CAMBRIDGE TELEPHONE COMPANY, INC. DBA CTC TELECOM",
863,2390,"OREGON-IDAHO UTILITIES, INC.",
864,015L,"ZIPLY FIBER PACIFIC, LLC DBA ZIPLY FIBER",
865,857G,FARMERS MUTUAL TELECOM INC.,
866,646G,CUSTER TELEPHONE BROADBAND SERVICES LLC - ID,
867,9638,QWEST CORPORATION,
868,2225,"CENTURYTEL OF IDAHO, INC. DBA CENTURYLINK",
869,3804,"CUSTER TELEPHONE COOPERATIVE, INC.",
870,2218,"CUSTER TEL. COOP., INC.",
871,3052,"XO IDAHO, INC.",
872,2235,"BLACKFOOT TEL. COOP., INC.",
873,815C,"INTRADO COMMUNICATIONS, LLC",
874,973K,"BARR TELL USA, INC.",
875,728K,"PEERLESS NETWORK OF IDAHO, LLC",
876,844H,"WIDE VOICE, LLC - ID",
877,7196,MCIMETRO ACCESS TRANSMISSION SERVICES LLC - IL,
878,911E,"FIDIUM ENTERPRISE SERVICES, LLC",
879,9329,ILLINOIS BELL TEL CO,AT&T Illinois
880,6333,CELLCO PARTNERSHIP DBA VERIZON WIRELESS - IL,
881,063E,"PEERLESS NETWORK OF ILLINOIS, LLC - IL",
882,7091,"ADAMS TELSYSTEMS, INC.",
883,6115,"LEVEL 3 COMMUNICATIONS, LLC - IL",
884,224C,"ONVOY, LLC",
885,1015,"FRONTIER NORTH, INC. - IL",
886,1037,ILLINOIS CONSOLIDATED TEL. CO.,
887,846F,"MEDIACOM TELEPHONY OF ILLINOIS, LLC - IL",
888,6265,UNITED STATES CELLULAR - IL,
889,1183,CITIZENS TELECOM CO ILLINOIS-FRONTIER CITIZENS -IL,
890,1000,"FRONTIER COMMUNICATIONS OF THE CAROLINAS, INC - IL",
891,1036,"FRONTIER NORTH, INC. - IL",
892,0976,ADAMS TEL. COOP.,
893,1079,"FRONTIER COMMUNICATIONS-SCHUYLER, INC. - IL",
894,7136,"TELEPORT COMMUNICATIONS AMERICA, LLC - IL",
895,1065,"ODIN TELEPHONE EXCHANGE, INC.",
896,1055,"FRONTIER COMMUNICATIONS-MIDLAND, INC.",
897,1047,MCDONOUGH TEL. COOP.,
898,0984,CASS TELEPHONE COMPANY,
899,1061,"FRONTIER COMMUNICATIONS OF MT. PULASKI, INC.",
900,1043,LAHARPE TEL. CO.,
901,1058,MONTROSE MUTUAL TEL. CO.,
902,772H,"WABASH INDEPENDENT NETWORKS, INC DBA WABASH COMM",
903,1011,"FRONTIER COMMUNICATIONS OF LAKESIDE, INC.",
904,1038,"FRONTIER COMMUNICATIONS OF ILLINOIS, INC.",
905,197H,"COMPUTER TECHNIQUES, INC. - IL",
906,984E,"BANDWIDTH.COM CLEC, LLC - IL",
907,1060,MOULTRIE INDEPENDENT TEL. CO.,
908,0990,CLARKSVILLE MUTUAL TEL. CO.,
909,1021,GRANDVIEW MUTUAL TEL. CO.,
910,460K,"FIRST COMMUNICATIONS, LLC",
911,8702,"RCN TELECOM SERVICES OF ILLINIOS, INC. - IL",
912,259E,YMAX COMMUNICATIONS CORP. - IL,
913,1067,"FRONTIER COMMUNICATIONS OF ORION, INC.",
914,1057,"BRIGHTSPEED OF ILLINOIS, LLC",
915,1054,"MID CENTURY TEL. COOP., INC.",
916,1091,WOODHULL COMMUNITY TEL. CO.,
917,1053,METAMORA TEL. CO.,
918,1075,"REYNOLDS TEL. CO., INC.",
919,1017,GLASFORD TEL. CO.,
920,8790,"GENESEO COMMUNICATIONS SERVICES, INC. - IL",
921,1016,GENESEO TEL. CO.,
922,1066,ONEIDA TEL. EXCH.,
923,4837,"MTCO COMMUNICATIONS, INC.",
924,0983,CAMBRIDGE TEL. CO.,
925,1004,CONSOLIDATED COMMUNICATIONS OF CENTRAL ILLINOIS,
926,342F,"MTC COMMUNICATIONS, INC. - IL",
927,1087,VIOLA HOME TEL. CO.,
928,272H,"CS TECHNOLOGIES, INC.",
929,1062,NEW WINDSOR TEL. CO.,
930,1023,GRIDLEY TEL. CO.,
931,1029,HENRY COUNTY TEL. CO.,
932,4624,"ONEIDA NETWORK SERVICES, INC.",
933,455H,"CENTURY ENTERPRISES, INC. - IL",
934,5447,"ACCESS ONE, INC. - IL",
935,7056,"XO ILLINOIS, INC.",
936,6795,"INDIANA PAGING NETWORK, INC.",
937,138G,"LEVEL 3 TELECOM OF ILLINOIS, LLC - IL",
938,148J,TELENGY LLC,
939,972C,"DIGITAL NETWORK ACCESS COMMUNICATIONS, INC. - IL",
940,1025,SHAWNEE TEL. CO.,
941,1026,HARRISONVILLE TEL. CO.,
942,458H,"SHAWNEELEC, INC.",
943,9915,"DELTA COMMS, LLC DBA CLEARWAVE COMMUNICATIONS - IL",
944,1003,EGYPTIAN TEL. COOP. ASSN.,
945,6769,"NOVACOM, INC.",
946,248J,"FUTIVA, LLC - IL",
947,1088,"WABASH TEL. COOP., INC.",
948,1049,MADISON TEL. CO.,
949,0978,ALHAMBRA-GRANTFORK TEL. CO.,
950,1012,"FLAT ROCK TEL. CO-OP, INC.",
951,1854,"GRAFTON TECHNOLOGIES, INC. - IL",
952,075A,"DELTA COMMS, LLC DBA CLEARWAVE COMMUNICATIONS - IL",
953,1032,HOME TEL. CO.,
954,1024,HAMILTON COUNTY TELEPHONE CO-OP,
955,1020,GRAFTON TEL. CO.,
956,0993,CROSSVILLE TEL. CO.,
957,046L,"CLEAR RATE COMMUNICATIONS, LLC",
958,1092,STELLE TEL. CO.,
959,0980,BERGEN TEL. CO. - IL,
960,443F,"AERO NORTH COMMUNICATIONS, INC. - IL",
961,1009,C-R TELEPHONE CO.,
962,1041,KINSMAN MUTUAL TEL. CO.,
963,1086,TONICA TEL. CO.,
964,0998,"FRONTIER COMMUNICATIONS OF DEPUE, INC.",
965,1080,SHARON TEL. CO. - IL,
966,1045,LEAF RIVER TELEPHONE CO.,
967,1073,"FRONTIER COMMUNICATIONS-PRAIRIE, INC.",
968,1050,MARSEILLES TEL. CO. OF MARSEILLES,
969,1046,LEONORE MUTUAL TEL. CO.,
970,1048,MCNABB TEL. CO.,
971,534J,UCOMTEL INC.,
972,395H,"WIDE VOICE, LLC - IL",
973,4117,"FBN INDIANA, INC. - IN",
974,6725,CELLCO PARTNERSHIP DBA VERIZON WIRELESS - IN,
975,105F,"BANDWIDTH.COM CLEC, LLC - IN",
976,4803,"LEVEL 3 COMMUNICATIONS, LLC - IN",
977,097D,"ONVOY, LLC - IN",
978,9325,INDIANA BELL TEL CO INC,
979,279F,"PEERLESS NETWORK OF INDIANA, LLC - IN",
980,7440,MCIMETRO ACCESS TRANSMISSION SERVICES LLC - IN,
981,0790,"MONON TEL. CO., INC.",
982,0832,"BRIGHTSPEED OF INDIANA, LLC",
983,7314,"TELEPORT COMMUNICATIONS AMERICA, LLC - IN",
984,0772,"FRONTIER NORTH, INC.. - IN",
985,874F,"MCC TELEPHONY OF THE MID-WEST, LLC - IN",
986,0800,"NORTHWESTERN INDIANA TEL. CO., INC.",
987,9303,"ACME COMMUNICATIONS, INC. - IN",
988,919A,"MIDWEST TELECOM OF AMERICA, INC. - IN",
989,2964,"OMNIPOINT COMMUNICATIONS MIDWEST OPERATIONS, LLC",
990,4169,COMMUNICATIONS VENTURE CORP DBA INDIGITAL TELECOM,
991,352E,YMAX COMMUNICATIONS CORP. - IN,
992,5942,"LIGTEL COMMUNICATIONS, INC. - IN",
993,383D,CRAIGVILLE TELCO DBA ADAMS WELLS TELECOM - IN,
994,0751,CITIZENS TEL. CORP.,
995,0831,"FRONTIER MIDSTATES, INC. - IN",
996,494G,"COMMUNITY FIBER SOLUTIONS, INC. - IN",
997,0756,"CRAIGVILLE TEL. CO., INC.",
998,0783,"LIGONIER TEL. CO., INC.",
999,7060,"LEVEL 3 TELECOM OF INDIANA, LP - IN",
1000,0775,HANCOCK RURAL TELEPHONE CORP. DBA NINESTAR CONNECT,
1001,7459,"HANCOCK COMMUNICATIONS, INC. - IN",
1002,0776,COMMUNICATIONS CORP. OF INDIANA,
1003,0777,HOME TEL. CO. OF PITTSBORO,
1004,0818,"SMITHVILLE COMM., INC DBA SMITHVILLE TELEPHONE CO.",
1005,0753,CLAY COUNTRY RURAL TEL COOP DBA ENDEAVOR COMM,
1006,0815,"ROCHESTER TEL. CO., INC.",
1007,204H,"PULASKI-WHITE RURAL TELEPHONE COOPERATIVE, INC.",
1008,0813,"PULASKI-WHITE RURAL TEL. COOP., INC.",
1009,4552,RTC COMMUNICATIONS CORP.,
1010,0744,"CAMDEN TEL. CO., INC.",
1011,0797,"NEW PARIS TEL., INC.",
1012,0839,"YEOMAN TEL. CO., INC.",
1013,817C,"INTRADO COMMUNICATIONS, LLC",
1014,0771,"GEETINGSVILLE TEL. CO., INC.",
1015,0830,"TRI-COUNTY TEL. CO., INC.",
1016,0792,"MULBERRY COOP. TEL. CO., INC.",
1017,0796,"NEW LISBON TEL. CO., INC.",
1018,0827,"SWEETSER RURAL TEL. CO., INC.",
1019,0828,"FRONTIER COMMUNICATIONS OF THORNTOWN, INC.",
1020,663H,"NEW LISBON BROADBAND AND COMMUNICATIONS, LLC - IN",
1021,0742,"BLOOMINGDALE HOME TEL. CO., INC.",
1022,0778,"HOME TEL. CO., INC.",
1023,661H,"MULBERRY COOPERATIVE TELEPHONE COMPANY, INC. - IN",
1024,4857,MILES COMMUNICATIONS INC. DBA ENHANCED TELECOMM CO,
1025,0747,"BRIGHTSPEED OF CENTRAL INDIANA, LLC",
1026,0837,"WEST POINT TEL. CO., INC.",
1027,0829,"TIPTON TEL. CO., INC.",
1028,731H,"BLOOMINGDALE HOME TELEPHONE COMPANY, INC. - IN",
1029,0788,MERCHANTS & FARMERS TEL. CO.,
1030,781K,"RINGER MOBILE, INC.",
1031,0826,"SWAYZEE TEL. CO., INC.",
1032,0750,"FRONTIER COMMUNICATIONS OF INDIANA, INC.",
1033,365C,"POWERTEL KENTUCKY LICENSES, INC.",
1034,8286,MCIMETRO ACCESS TRANSMISSION SERVICES LLC - IN,
1035,0779,"FRONTIER NORTH, INC. - IN",
1036,0807,"PERRY - SPENCER RURAL TELEPHONE COOP., INC.",
1037,0759,DAVIESS MARTIN CTY RURL TEL DBA RTC COMMUNICATIONS,
1038,511K,"RCN TELECOM SERVICES OF ILLINOIS, LLC",
1039,8943,"BLUERIVER COMMUNICATIONS, INC. - IN",
1040,068F,"FULLNET ADVANCED COMMUNICATIONS, INC. - IN",
1041,774D,SMITHVILLE TELECOM LLC - IN,
1042,4704,"SEI DATA, INC. - IN",
1043,0825,SUNMAN TELECOMMUNICATIONS CORPORATION,
1044,735B,"WIN.NET TELECOMMUNICATIONS, INC. - IN",
1045,0801,"BRIGHTSPEED OF SOUTHERN INDIANA, LLC",
1046,9348,CINCINNATI BELL,
1047,0819,"SOUTHEASTERN INDIANA RURAL TEL. COOP., INC.",
1048,0809,COMMUNICATIONS CORP. OF SOUTHERN IN,
1049,0816,"S & W TEL. CO., INC.",
1050,5584,"PERRY-SPENCER COMMUNICATIONS, INC. - IN",
1051,0834,"WASHINGTON COUNTY RURAL TEL. COOP., INC.",
1052,7593,MCIMETRO ACCESS TRANSMISSION SERVICES LLC - KS,
1053,5237,"GIANT COMMUNICATIONS, INC. - KS",
1054,2240,"LEVEL 3 COMMUNICATIONS, LLC - KS",
1055,205F,"ONVOY, LLC - KS",
1056,6267,UNITED STATES CELLULAR - KS,
1057,6532,CELLCO PARTNERSHIP DBA VERIZON WIRELESS - KS,
1058,8995,"TELEPORT COMMUNICATIONS AMERICA, LLC - KS",
1059,986E,"BANDWIDTH.COM CLEC, LLC - KS",
1060,018H,"PEERLESS NETWORK OF KANSAS, LLC - KS",
1061,014E,"IDEATEK TELCOM, LLC - KS",
1062,423J,"CORETEL KANSAS, INC. - KS",
1063,925G,"UNITED COMMUNICATIONS ASSOCIATION, INC. - KS",
1064,555G,"CABLE ONE VOIP, LLC",
1065,401D,"UNITED WIRELESS COMMUNICATIONS, INC.",
1066,1818,"CRAW-KAN TEL. COOP.,INC. - KS",
1067,1842,UNITED TEL. CO. OF KANSAS DBA CENTURYLINK,
1068,1831,SOUTH CENTRAL TEL ASSN INC,
1069,1852,"ZENDA TEL. CO., INC.",
1070,1780,"HAVILAND TEL. CO., INC.",
1071,1810,UNITED TEL OF EASTERN KANSAS DBA CENTURYLINK,
1072,447H,"MT NETWORKS, LLC - KS",
1073,1816,CONSOLIDATED COMMUNICATIONS OF KANSAS COMPANY - KS,
1074,2030,"TOTAH COMMUNICATIONS, INC.",
1075,122D,"NEX-TECH WIRELESS, LLC",
1076,1788,KANOKLA TEL ASSN,
1077,787D,"GBT COMMUNICATIONS, INC. - KS",
1078,1777,"GOLDEN BELT TEL. ASSN., INC.",
1079,1833,"SOUTHERN KANSAS TEL. CO., INC.",
1080,1841,"UNITED TEL. ASSN., INC.",
1081,1808,MOUNDRIDGE TEL. CO.,
1082,906E,"HOME COMMUNICATIONS, INC. - KS",
1083,433H,"TC WIRELESS, INC - KS",
1084,1801,"MADISON TELEPHONE, LLC - KS",
1085,1756,COLUMBUS TEL. CO.,
1086,342H,FIBER COMMUNICATIONS OF COLUMBUS LLC - KS,
1087,1847,"WHEAT STATE TEL., INC.",
1088,1812,"EMBARQ MISSOURI, INC. DBA CENTURYLINK - KS",
1089,1791,"LA HARPE TEL. CO., INC.",
1090,642H,"UNITED WIRELESS COMMUNICATIONS, INC. - KS",
1091,1829,"S & A TEL. CO., INC.",
1092,211D,"SKT, INC. - KS",
1093,1781,"H & B COMMUNICATIONS, INC.",
1094,1826,"RURAL TEL. SERVICE CO., INC. DBA NEX-TECH",
1095,300C,"H & B CABLE SERVICE, INC. - KS",
1096,4548,SOUTH CENTRAL WIRELESS DBA SC TELCOM - KS,
1097,1759,"CRAW-KAN TEL. COOP.,INC. - MO",
1098,1782,"HOME TEL. CO., INC.",
1099,1764,"ELKHART TEL. CO., INC.",
1100,1758,COUNCIL GROVE TEL. CO.,
1101,1839,"TRI-COUNTY TEL. ASSN., INC.",
1102,4366,"NEX-TECH, LLC - KS",
1103,5910,"S & T COMMUNICATIONS, LLC - KS",
1104,1809,MUTUAL TEL. CO.,
1105,1849,"WILSON TEL. CO., INC.",
1106,1746,"BLUE VALLEY TELE-COMMUNICATIONS, INC.",
1107,1785,"J.B.N. TEL. CO., INC.",
1108,1128,CITIZENS TELECOM OF NE LLC DBA FRONTIER COM OF NE,
1109,1840,"TWIN VALLEY TEL., INC.",
1110,1557,"HARTMAN TEL. EXCH., INC.",
1111,330D,"RAINBOW COMMUNICATIONS, LLC - KS",
1112,460D,"WTC COMMUNICATIONS, INC. - KS",
1113,1820,"RAINBOW TELECOMMUNICATIONS ASSOCIATION, INC.",
1114,2455,"BENKELMAN TEL. CO., INC.",
1115,1761,"CUNNINGHAM TEL. CO., INC.",
1116,1845,"WAMEGO TEL. CO., INC.",
1117,237F,"BLUE VALLEY TECHNOLOGIES, INC.",
1118,636D,"CUNNINGHAM COMMUNICATIONS, INC. - KS",
1119,1778,"GORHAM TEL. CO., INC.",
1120,995H,MIDCONTINENT COMMUNICATIONS - KS,
1121,1540,DILLER TEL. CO.,
1122,136J,"WTC TECHNOLOGIES, INC. - KS",
1123,892C,"TWIN VALLEY COMMUNICATIONS, INC. - KS",
1124,1807,MO-KAN DIAL INC,
1125,3915,EVERFAST FIBER NETWORKS LLC,
1126,7014,"LEVEL 3 TELECOM OF KANSAS CITY, LLC - KS",
1127,742D,"AVID COMMUNICATIONS, LLC - KS",
1128,0472,CONSOLIDATED COMMUNICATIONS OF MISSOURI COMPANY,
1129,1814,"PEOPLES TELECOMMUNICATIONS, LLC - KS",
1130,6500,CELLCO PARTNERSHIP DBA VERIZON WIRELESS - KY,
1131,9691,"WINDSTREAM KENTUCKY EAST, INC. - LONDON",
1132,4369,"LEVEL 3 COMMUNICATIONS, LLC - KY",
1133,896E,"ONVOY, LLC - KY",
1134,0398,BRANDENBURG TEL. CO.,
1135,0396,"BALLARD RURAL TEL. COOP. CORP., INC.",
1136,9690,"WINDSTREAM KENTUCKY EAST, INC. - LEXINGTON",
1137,9590,"NORTH CENTRAL COMMUNICATIONS, INC. - KY",
1138,987E,"BANDWIDTH.COM CLEC, LLC - KY",
1139,8406,"TELEPORT COMMUNICATIONS AMERICA, LLC - KY",
1140,0412,"LEWISPORT TEL. CO., INC.",
1141,480F,"CORETEL KENTUCKY, INC. - KY",
1142,0418,"SO CENTRAL RURAL TELECOMM COOPERATIVE, INC.",
1143,0421,WEST KENTUCKY RURAL TEL,
1144,584J,WEST KENTUCKY RURAL TELEPHONE COOPERATIVE CORPORAT,
1145,781F,"MCC TELEPHONY OF THE SOUTH, LLC - KY",
1146,0401,"DUO COUNTY TEL. COOP., INC.",
1147,330E,"CUMBERLAND CELLULAR, LLC",
1148,5672,"BRANDENBURG TELECOM, LLC - KY",
1149,915K,YOUR LOCAL PHONE COMPANY LLC,
1150,0413,"LOGAN TEL. COOP., INC.",
1151,2335,"VELOCITY NETWORKS OF KENTUCKY, INC. - KY",
1152,5620,"SOUTH CENTRAL TELCOM, LLC",
1153,292D,"DIALOG TELECOMMUNICATIONS, INC. - KY",
1154,4001,NORTH CENTRAL TEL. COOP.,
1155,0417,SALEM TEL. CO.,
1156,035H,"PEERLESS NETWORK OF KENTUCKY, LLC - KY",
1157,7476,"POWERTEL NASHVILLE LICENSES, INC.",
1158,3583,"WIN.NET TELECOMMUNICATIONS, INC. - KY",
1159,0402,"WINDSTREAM KENTUCKY WEST, INC.",
1160,7260,"LEVEL 3 TELECOM OF KENTUCKY, LLC - KY",
1161,6595,"RAM TECHNOLOGIES, INC. - KY",
1162,861C,"INTRADO COMMUNICATIONS, LLC",
1163,206M,LTE WIRELESS INC.,
1164,742J,WADDELL SOLUTIONS GROUP LLC,
1165,2623,INTER MOUNTAIN CABLE DBA MIKROTEC COMMUNICATIONS,
1166,6940,"EAST KENTUCKY NETWRK, LLC DBA APPALACHIAN WIRELESS",
1167,0406,FOOTHILLS RURAL TEL. COOP. CORP.,
1168,847H,"INTEGRATED PATH COMMUNICATIONS - KENTUCKY, LLC-KY",
1169,0419,THACKER/GRIGSBY TEL. CO.,
1170,0411,LESLIE COUNTY TEL. CO.,
1171,0415,PEOPLES RURAL TEL. COOP. CORP.,
1172,4002,"HIGHLAND TEL. COOP, INC.",
1173,193F,"CELLULAR SERVICES, LLC - KY",
1174,0408,"GEARHEART COMM. CO., INC. DBA COALFIELDS TEL. CO.",
1175,0414,"MOUNTAIN RURAL TEL. COOP. CORP., INC.",
1176,419C,"ARMSTRONG TELECOMMUNICATIONS, INC. - KY",
1177,489H,"PEOPLES TELECOM, LLC",
1178,6161,MCIMETRO ACCESS TRANSMISSION SERVICES LLC - KY,
1179,150C,"VOICESTREAM GSM I, LLC",
1180,3232,"LEVEL 3 COMMUNICATIONS, LLC - LA",
1181,7637,CENTURYLINK COMMUNICATIONS LLC - LA,
1182,153F,"BANDWIDTH.COM CLEC, LLC - LA",
1183,749E,"ONVOY, LLC - LA",
1184,6505,CELLCO PARTNERSHIP DBA VERIZON WIRELESS - LA,
1185,7488,"LEVEL 3 TELECOM OF LOUISIANA, LLC - LA",
1186,653C,TELEPORT COMMUNICATIONS AMERICA LA - LLC,
1187,8839,"ADVANCED TEL., INC. - LA",
1188,0429,"EAST ASCENSION TELEPHONE COMPANY, LLC",
1189,3610,RESERVE LONG DIST CO DBA RESERVE TELECOMM - LA,
1190,908A,"TELEPAK NETWORKS, INC. - LA",
1191,477H,"AIRUS, INC. - LA",
1192,181D,"HUNT TELECOMMUNICATIONS, LLC - LA",
1193,8764,MCIMETRO ACCESS TRANSMISSION SERVICES LLC - LA,
1194,0441,"STAR TEL. CO., INC.",
1195,2896,CENTURYLINK COMMUNICATIONS LLC - LA,
1196,1762,"CP-TEL NETWORK SERVICES, INC. - LA",
1197,0454,"FRANKLIN TELEPHONE COMPANY, LLC",
1198,0430,ELIZABETH TEL. CO.,
1199,6842,CELLPAGE OF MINDEN,
1200,0426,CAMPTI-PLEASANT HILL TEL. CO.,
1201,127J,NORTHEAST TELEPHONE SERVICES - LA,
1202,984D,"TEC OF JACKSON, INC. - LA",
1203,260H,"CEBRIDGE TELECOM LA, LLC D/B/A SUDDENLINK COMM LA",
1204,645C,"LBH, LLC DBA CAMERON COMMUNICATIONS - LA",
1205,0435,"NORTHEAST LOUISIANA TEL. CO., INC.",
1206,0432,KAPLAN TEL. CO.,
1207,9002,LAFAYETTE CITY-PARISH CONSOLIDATED GOVERNMENT - LA,
1208,606F,"GLOBAL DATA SYSTEMS, INC. - LA",
1209,650C,"DETEL WIRELESS, LLC - LA",
1210,0425,CAMERON TEL CO,
1211,4930,"LOUISIANA COMPETITIVE TELECOMMUNICATIONS, INC.",
1212,0428,DELCAMBRE TEL. CO.,
1213,771A,"XFONE USA, INC. - LA",
1214,819C,"INTRADO COMMUNICATIONS, LLC",
1215,0433,LAFOURCHE TEL. CO.,
1216,959G,"PRIDE NETWORK, INC. DBA NTS OF LOUISIANA - LA",
1217,0438,RESERVE TEL. CO.,
1218,769F,"SJI, L.L.C. - LA",
1219,4018,"LEVEL 3 COMMUNICATIONS, LLC - MA",
1220,6387,CELLCO PARTNERSHIP DBA VERIZON WIRELESS - MA,
1221,892D,"ONVOY, LLC - MA",
1222,268F,"PEERLESS NETWORK OF MASSACHUSETTS, LLC - MA",
1223,7135,"TC SYSTEMS, INC.",
1224,125L,MASS MOBILE LLC,
1225,990E,"BANDWIDTH.COM CLEC, LLC - MA",
1226,9102,VERIZON NEW ENGLAND INC.,
1227,229C,"IDT AMERICA, CORP. - MA",
1228,7103,MCIMETRO ACCESS TRANSMISSION SERVICES LLC - MA,
1229,311D,RINGSQUARED TELECOM LLC,
1230,116E,"INTRADO COMMUNICATIONS, LLC",
1231,316E,YMAX COMMUNICATIONS CORP. - MA,
1232,0036,GRANBY TELEPHONE LLC,
1233,8468,"FREEDOM RING COMMUNICATIONS, LLC",
1234,756G,"WIDE VOICE, LLC - MA",
1235,0037,"RICHMOND TELEPHONE COMPANY, LLC",
1236,0084,TACONIC TEL. CORP.,
1237,236F,"CRC COMMUNICATIONS OF MAINE, INC. - MA",
1238,3849,RINGSQUARED TELECOM LLC,
1239,6083,"NORFOLK COUNTY INTERNET, INC.",
1240,7619,"RCN TELECOM SERVICES, INC. - MA",
1241,174A,"NEP, LLC",
1242,487K,MOBILESPHERE LLC,
1243,428H,"AIRUS, INC. - MA",
1244,4536,"XO MASSACHUSETS, INC.",
1245,007J,"MEGAPHONE, INC.",
1246,814J,LIGHTPATH OF NEW ENGLAND,
1247,0334,METROPOLITAN TELECOMMUNICATIONS OF MASS DBA METTEL,
1248,732H,"BARR TELL USA, INC. - MA",
1249,139F,"EVOLVE CELLULAR, INC.",
1250,7228,MCIMETRO ACCESS TRANSMISSION SERVICES LLC - MD,
1251,530H,"WIDE VOICE, LLC - MD",
1252,876D,"ONVOY, LLC - MD",
1253,071F,"BANDWIDTH.COM CLEC, LLC - MD",
1254,6395,CELLCO PARTNERSHIP DBA VERIZON WIRELESS - MD,
1255,568G,"PEERLESS NETWORK OF MARYLAND, LLC",
1256,2593,"CORE COMMUNICATIONS, INC.- MD",
1257,6119,"LEVEL 3 COMMUNICATIONS, LLC - MD",
1258,9212,"VERIZON MARYLAND, INC.",
1259,8832,"STARPOWER COMMUNICATIONS, LLC - MD",
1260,4720,"USCOC OF CUMBERLAND, INC. DBA UNITED STATES CEL MD",
1261,281E,YMAX COMMUNICATIONS CORP. - MD,
1262,8697,BALTIMORE-WASHINGTON TELEPHONE (BWT),
1263,7325,"TELEPORT COMMUNICATIONS AMERICA, LLC - MD",
1264,836G,"SHENTEL COMMUNICATIONS, LLC. - MD",
1265,361H,"ATLANTECH ONLINE, INC. - MD",
1266,7591,"LEVEL 3 TELECOM OF MARYLAND, LLC - MD",
1267,469J,"CORETEL MARYLAND, INC. - MD",
1268,8605,"MTE, INC. DBA MTE PAGING NETWORK",
1269,228C,"IDT AMERICA, CORP. - MD",
1270,4492,"VDL, INC. DBA GLOBAL TELECOM BROKERS - MD",
1271,2596,"QUANTUM TELECOMMUNICATIONS, INC. - MD",
1272,676A,"MOUNTAIN COMMUNICATIONS, LLC DBA PROCOM - MD",
1273,420C,"ARMSTRONG TELECOMMUNICATIONS, INC. - MD",
1274,0216,ARMSTRONG TEL. CO. OF MARYLAND,
1275,861F,"MCC TELEPHONY OF THE MID-ATLANTIC, LLC - MD",
1276,4773,"XO MARYLAND, LLC",
1277,2554,"GLOBAL NAPS SOUTH, INC. - MD",
1278,820C,"INTRADO COMMUNICATIONS, LLC",
1279,964H,"BARR TELL USA, INC.",
1280,691H,"AIRUS, INC. - MD",
1281,6386,"BELL ATLANTIC MOBILE, INC",
1282,9472,BIDDEFORD INTERNET CORPORATION - ME,
1283,6291,UNITED STATES CELLULAR - ME,
1284,454F,"ONVOY, LLC - ME",
1285,5111,CONSOLIDATED COMM OF NO. NEW ENGLAND-ME,Consolidated Communications
1286,0019,OXFORD COUNTY TEL. & TEL. CO.,
1287,7777,MCIMETRO ACCESS TRANSMISSION SERVICES LLC - ME,
1288,0029,"UNITY TEL. CO., INC.",
1289,0024,SOMERSET TEL. CO.,
1290,0022,SACO RIVER TELEPHONE LLC,
1291,5205,"OXFORD CNTY TELEPHONE SVC CO, DBA OXFORD NETWRKS",
1292,3315,MID-MAINE TELECOM LLC,
1293,382D,"LEVEL 3 COMMUNICATIONS, LLC - ME",
1294,882G,"TELEPORT COMMUNICATIONS AMERICA, LLC - ME",
1295,0015,CONSOLIDATED COMMUNICATIONS OF MAINE COMPANY,
1296,0010,HAMPDEN TEL. CO.,
1297,0031,WARREN TEL. CO.,
1298,0011,HARTLAND & ST. ALBANS TEL. CO.,
1299,0034,WEST PENOBSCOT TEL. & TEL. CO,
1300,925H,"PEERLESS NETWORK OF MAINE, LLC- ME",
1301,0007,THE ISLAND TELEPHONE COMPANY,
1302,3316,CONSOLIDATED COMMUNICATIONS OF MAINE COMPANY,
1303,4121,MID-MAINE TELPLUS DBA MID-MAINE COMMUNICATIONS,
1304,512F,"FREEDOM RING COMMUNICATIONS, LLC - ME",
1305,3314,OXFORD WEST TELEPHONE COMPANY,
1306,0020,PINE TREE TELEPHONE LLC,
1307,0004,CONSOLIDATED COMMUNICATIONS OF MAINE COMPANY,
1308,0025,CONSOLIDATED COMMUNICATIONS OF MAINE COMPANY,
1309,383J,"FIDIUM ENTERPRISE SERVICES, LLC",
1310,805E,"SECURESYSCOM, INC. - ME",
1311,3311,"TIDEWATER TELECOM, INC.",
1312,0027,UNION RIVER TEL. CO.,
1313,3313,CONSOLIDATED COMMUNICATIONS OF MAINE COMPANY,
1314,1255,"CRC COMMUNICATIONS OF MAINE, INC. - ME",
1315,989E,"BANDWIDTH.COM CLEC, LLC - ME",
1316,3312,CONSOLIDATED COMMUNICATIONS OF MAINE COMPANY,
1317,8933,"LINCOLNVILLE COMMUNICATIONS, INC. - ME",
1318,0005,COBBOSSEECONTEE TEL. CO.,
1319,0003,LINCOLNVILLE TEL. CO.,
1320,414E,YMAX COMMUNICATIONS CORP. - ME,
1321,313C,"IDT AMERICA, CORP. - ME",
1322,817J,"TELNET WORLDWIDE, INC.",
1323,543C,"ONVOY, LLCV - MI",
1324,9323,MICHIGAN BELL TEL CO,
1325,6003,CELLCO PARTNERSHIP DBA VERIZON WIRELESS - MI,
1326,933G,"PEERLESS NETWORK OF MICHIGAN, LLC - MI",
1327,2550,"123.NET, LLC",
1328,6120,"LEVEL 3 COMMUNICATIONS, LLC - MI",
1329,0720,"ACE TEL. CO. OF MICHIGAN, INC.",
1330,991E,"BANDWIDTH.COM CLEC, LLC - MI",
1331,0702,"BRIGHTSPEED OF MICHIGAN, LLC",
1332,993L,DAYSTARR LLC DBA DAYSTARR COMMUNICATIONS,
1333,116F,"PENINSULA FIBER NETWORK, LLC - MI",
1334,3535,"ACD TELECOM, INC. - MI",
1335,0705,"BRIGHTSPEED OF NORTHERN MICHIGAN, INC",
1336,0704,"ACE TEL. CO. OF MICHIGAN, INC.",
1337,770E,"TELEPORT COMMUNICATIONS AMERICA, LLC - MI",
1338,0695,"FRONTIER NORTH, INC. - MI",Frontier
1339,0703,KALEVA TEL. CO.,
1340,0677,ISLAND TEL. CO.,
1341,7157,MCIMETRO ACCESS TRANSMISSION SERVICES LLC - MI,
1342,392F,KALEVA TELEPHONE COMPANY - MI,
1343,0721,PIGEON TEL. CO.,
1344,785G,"MICHIGAN CENTRAL BROADBAND COMPANY, LLC",
1345,0671,"BRIGHTSPEED OF CENTRAL MICHIGAN, INC",
1346,0683,CARR TEL. CO.,
1347,9245,"CYNERGYCOMM.NET, INC. - MI",
1348,7279,MCIMETRO ACCESS TRANSMISSION SERVICES LLC - MI,
1349,9714,"GRID 4 COMMUNICATIONS, INC. - MI",
1350,4632,"TELNET WORLDWIDE, INC.",
1351,0681,"FRONTIER MIDSTATES, INC. - MI",
1352,194H,"MEI TELECOM, INC. - MI",
1353,144E,"SOUTHWEST MICHIGAN COMMUNICATIONS, INC. - MI",
1354,0688,CLIMAX TEL. CO.,
1355,0679,BLOOMINGDALE TEL. CO.,
1356,0676,BARRY COUNTY TEL. CO.,
1357,0672,COMMUNICATIONS CORP. OF MI,
1358,6789,"BEEPERMART, INC.",
1359,948H,"AIRUS, INC. - MI",
1360,3459,"TC3 TELECOM, INC. - MI",
1361,4417,"FRONTIER COMMUNICATIONS OF MICHIGAN, INC.",
1362,591C,"WESTPHALIA BROADBAND, INC. - MI",
1363,0734,WALDRON TEL. CO.,
1364,0725,SAND CREEK TEL. CO.,
1365,0714,OGDEN TEL. CO.,
1366,558A,DEERFIELD FARMERS' TELEPHONE COMPANY - MI,
1367,0691,DEERFIELD FARMERS TEL. CO.,
1368,0726,SHIAWASSEE TEL. CO.,
1369,0728,SPRINGPORT TEL. CO.,
1370,4125,"XO COMMUNICATIONS SERVICES, INC. - MI",
1371,736B,"ACE TELEPHONE COMPANY OF MICHIGAN, INC.",
1372,0692,"ACE TEL. CO. OF MICHIGAN, INC.",
1373,0669,"ACE TEL. CO. OF MICHIGAN, INC.",
1374,356D,AMERICAN BROADBAND AND TELECOMMS COMPANY - MI,
1375,0615,"FRONTIER NORTH, INC. - OH",
1376,6718,THUMB CELLULAR LP,
1377,0708,LENNON TEL. CO.,
1378,6695,RANGE TELECOMMUNICATIONS,
1379,746G,UPPER PENINSULA TELEPHONE COMPANY - MI,
1380,0732,UPPER PENINSULA TEL. CO.,
1381,0713,HIAWATHA TEL. CO.,
1382,6692,NEW CELL DBA CELLCOM,
1383,0689,"BRIGHTSPEED OF UPPER MICHIGAN, INC.",
1384,4253,BARAGA TELEPHONE COMPANY,
1385,9759,"METRO SOUTHWEST PCS, LLP",
1386,0675,BARAGA TEL. CO.,
1387,0685,CHATHAM TEL. CO.,
1388,0711,MIDWAY TEL. CO.,
1389,0030,"BORDERLAND COMMUNICATIONS, LLC - MI",
1390,0717,ONTONAGON COUNTY TEL. CO.,
1391,0127,WINN TELEPHONE COMPANY DBA WINN TELECOM - MI,
1392,821C,"INTRADO COMMUNICATIONS, LLC",
1393,542D,ALLBAND COMMUNICATIONS COOPERATIVE - MI,
1394,0678,BLANCHARD TELEPHONE CO.,
1395,0735,WESTPHALIA TEL. CO.,
1396,0738,WOLVERINE TEL. CO.,
1397,0694,FARMERS MUTUAL OF CHAPIN DBA CHAPIN TELEPHONE CO.,
1398,0737,WINN TEL. CO.,
1399,599H,LENNON TELEPHONE COMPANY - MI,
1400,8405,"TELEPORT COMMUNICATIONS AMERICA, LLC - MN",
1401,5816,CELLCO PARTNERSHIP DBA VERIZON WIRELESS - MN,
1402,980E,"BANDWIDTH.COM CLEC, LLC - MN",
1403,5256,"LEVEL 3 COMMUNICATIONS, LLC - MN",
1404,7783,MCIMETRO ACCESS TRANSMISSION SERVICES LLC - MN,
1405,184D,"ONVOY, LLC - MN",
1406,1505,"WIKSTROM TEL. CO., INC.",
1407,1451,PAUL BUNYAN RURAL TEL. COOP.,
1408,7770,ELECTRIC LIGHTWAVE LLC DBA ALLSTREAM,
1409,4156,"TEKSTAR COMMUNICATIONS, INC.",
1410,1443,"LORETEL SYSTEMS, INC.",
1411,429A,MIDCONTINENT COMMUNICATIONS - MN,
1412,1395,GARDEN VALLEY TEL. CO.,
1413,1445,"CENTURYTEL OF MINNESOTA, INC. DBA CENTURYLINK",
1414,1431,MIDWEST TEL. CO.,
1415,4814,PAUL BUNYAN RURAL TELEPHONE COOP.,
1416,4352,"VAL-ED JOINT VENTURE, LLP DBA 702 COMMUNICATIONS",
1417,1385,EAST OTTER TAIL TEL. CO.,
1418,1373,CONSOLIDATED TEL. CO.,
1419,1353,CITY OF BARNESVILLE TEL. UTILIITIES,
1420,1491,"TWIN VALLEY-ULEN TEL. CO., INC.",
1421,1475,RUNESTONE TELEPHONE ASSOCIATION,
1422,1365,CALLAWAY TEL. EXCH.,
1423,925C,CONSOLIDATED TELEPHONE COMPANY - MN,
1424,914F,"WIKSTROM TELEPHONE COMPANY, INC. - MN",
1425,1501,WEST CENTRAL TEL. ASSN.,
1426,1630,POLAR COMMUN MUTUAL AID CORP.,
1427,1401,HALSTAD TEL. CO.,
1428,4300,RED RIVER RURAL TEL ASSN DBA RED RIVER COMM - MN,
1429,1374,ARROWHEAD COMMUNICATIONS CORP.,
1430,1500,NORTHERN TEL. CO. OF MINNESOTA,
1431,1391,"FELTON TEL. CO., INC.",
1432,1450,PARK REGION MUTUAL TEL. CO.,
1433,1456,"CENTURYLINK OF MINNESOTA, INC.",
1434,1350,ARVIG TEL. CO.,
1435,1410,JOHNSON TEL. CO.,
1436,685L,"IMON COMMUNICATIONS, LLC",
1437,107F,"PEERLESS NETWORK OF MINNESOTA, LLC - MN",
1438,179E,WEST CENTRAL TELEPHONE ASSOCIATION - MN,
1439,105J,GARDEN VALLEY TELEPHONE COMPANY - MN,
1440,1499,"TRI-CO TECHNOLOGIES, LLC DBA CROSSLAKE COMM",
1441,1453,PEOPLES TEL. CO.,
1442,1383,EAGLE VALLEY TEL. CO.,
1443,1387,EMILY COOP. TEL. CO.,
1444,1348,WILDERNESS VALLEY TELEPHONE COMPANY,
1445,954H,"WIDE VOICE, LLC - MN",
1446,1474,"ROTHSAY TEL. CO., INC.",
1447,1396,GARDONVILLE COOP. TEL. ASSN.,
1448,1512,WOLVERTON TEL. CO. - MN,
1449,8606,"OTTER TAIL TELCOM, INC. - MN",
1450,0999,"WINDSTREAM EN-TEL, LLC - MN",
1451,4263,"WINDSTREAM NORTHSTAR, LLC - MN",
1452,1409,HUTCHINSON TEL. CO.,
1453,1414,"WINDSTREAM LAKEDALE, INC.",
1454,1487,STARBUCK TEL. CO.,
1455,0950,"BRIGHTSPEED OF NORTHWEST WISCONSIN, LLC",
1456,1430,MELROSE TEL. CO.,
1457,1413,MID STATE TEL. CO. DBA KMP TEL. CO.,
1458,1433,MID STATE TEL. CO.,
1459,1390,FEDERATED TEL. COOP.,
1460,1423,"LOWRY TELEPHONE COMPANY, LLC",
1461,1356,BENTON COOP. TEL. CO.,
1462,2836,FARMERS MUTUAL TELEPHONE COMPANY - MN,
1463,719F,"MCC TELEPHONY OF MINNESOTA, LLC - MN",
1464,4048,"MAINSTREET COMMUNICATIONS, LL.",
1465,1370,CLARA CITY TEL. EXCH. CO.,
1466,1403,FEDERATED TEL. COOP.,
1467,1226,"WH LINK, LLC - MN",
1468,434F,WORLDCELL SOLUTIONS LLC,
1469,973H,MIDWEST NETWORK SOLUTIONS HUB LLC,
1470,1507,WINSTED TEL. CO.,
1471,1389,FARMERS MUTUAL TEL. CO.,
1472,1494,UPSALA COOP. TEL. ASSN.,
1473,2629,FEDERATED TELEPHONE COOPERATIVE - MN,
1474,4602,"HUTCHINSON TELECOMMUNICATIONS, INC.",
1475,1495,VALLEY TEL. CO.,
1476,625H,GARDONVILLE COOPERATIVE TELEPHONE ASSOCIATION - MN,
1477,1476,SACRED HEART TEL. CO.,
1478,1347,"ALBANY MUTUAL TEL. ASSN., INC.",
1479,1448,OSAKIS TEL. CO.,
1480,2630,"LOCAL ACCESS NETWORK, LLC",
1481,4768,"CLARITY TELECOM, LLC DBA BLUEPEAK",
1482,4139,ELECTRIC LIGHTWAVE LLC DBA ALLSTREAM,
1483,1442,"NEW ULM TELECOM, INC.",
1484,1375,CONSOLIDATED COMMUNICATIONS MID-COM COMPANY - MN,
1485,1472,REDWOOD COUNTY TEL. CO.,
1486,1338,WINNEBAGO COOP. TEL. ASSN. - MN,
1487,1654,"INTERSTATE TELECOM COOP, INC. - MN",
1488,1651,"INTERSTATE TELECOM COOP, INC. - SD",
1489,695E,WINNEBAGO COOPERATIVE TELEPHONE ASSOCIATION - MN,
1490,1439,"MINNESOTA VALLEY TEL. CO., INC.",
1491,1427,CONSOLIDATED COMMUNICATIONS OF MINNESOTA CO - MN,
1492,1510,WOODSTOCK TEL. CO.,
1493,1408,HOME TEL. CO.,
1494,1454,PINE ISLAND TEL. CO.,
1495,1412,KASSON & MANTORVILLE TEL. CO.,
1496,1483,SLEEPY EYE TEL. CO.,
1497,1399,GRANADA TEL. CO.,
1498,1384,THE EASTON TELEPHONE COMPANY,
1499,1406,"ALLIANCE COMMUNICATIONS COOPERATIVE, INC. - MN",
1500,1419,LISMORE COOP. TEL. CO.,
1501,1657,"ALLIANCE COMM. COOPERATIVE, INC. (SPLIT ROCK)",
1502,754H,RS FIBER COOPERATIVE - MN,
1503,840F,"NEW ULM TELECOM, INC. DBA NU-TELECOM - MN",
1504,5566,KASSON-MANTORVILLE TELEPHONE COMPANY - MN,
1505,1425,CHRISTENSEN COMMUNICATIONS COMPANY,
1506,1508,WINTHROP TEL. CO.,
1507,1502,WESTERN TEL. CO.,
1508,1440,"CANNON VALLEY TELECOM, INC.",
1509,1372,CLEMENTS TEL. CO.,
1510,1381,DUNNELL TEL. CO.,
1511,6169,"ACE LINK TELECOMMUNICATIONS, INC.",
1512,1515,ZUMBROTA TEL. CO.,
1513,1422,"LONSDALE TEL. CO., INC.",
1514,280D,"ALLIANCE COMMUNICATIONS COOPERATIVE, INC. - SD",
1515,1426,MANCHESTER-HARTLAND TEL. CO.,
1516,105D,CITY OF WINDOM - MN,
1517,569G,SOUTHWEST MINNESOTA BROADBAND SERVICES - MN,
1518,968D,CHRISTENSEN COMMUNICATIONS COMPANY - MN,
1519,5312,"LEVEL 3 TELECOM OF MINNESOTA, LLC - MN",
1520,2557,"XO MINNESOTA, LLC",
1521,4609,WIRELESS COMMUNICATIONS VENTURE,
1522,1482,"WINDSTREAM LAKEDALE, INC.",
1523,1362,BRIDGE WATER TEL. CO.,
1524,716F,FIBERNET MONTICELLO,
1525,1479,SCOTT RICE TEL. CO. DBA INTEGRA TELECOM,
1526,1386,ECKLES TEL. CO.,
1527,2474,"FRONTIER COMMUNICATIONS OF AMERICA, INC. - MN",
1528,093F,"ONVOY, LLC - MO",
1529,5814,CELLCO PARTNERSHIP DBA VERIZON WIRELESS - MO,
1530,225F,"PEERLESS NETWORK OF MISSOURI, LLC - MO",
1531,6275,UNITED STATES CELLULAR - MO,
1532,993E,"BANDWIDTH.COM CLEC, LLC - MO",
1533,4932,"LEVEL 3 COMMUNICATIONS, LLC - MO",
1534,7218,"TELEPORT COMMUNICATIONS AMERICA, LLC - MO",
1535,7432,MCIMETRO ACCESS TRANSMISSION SERVICES LLC - MO,
1536,4774,"XO MISSOURI, INC.",
1537,7594,MCIMETRO ACCESS TRANSMISSION SERVICES LLC - MO,
1538,1912,MCDONALD COUNTY TEL. CO.,
1539,9787,"BRIGHTSPEED OF MISSOURI, LLC",
1540,1151,"BRIGHTSPEED OF EAST MISSOURI, LLC",
1541,9786,"BRIGHTSPEED OF MISSOURI, LLC",
1542,1936,PEACE VALLEY TEL. CO.,
1543,1927,"NEW FLORENCE TEL. CO., INC.",
1544,142C,"RYSTEC, INC",
1545,1887,GRANBY TEL. CO.,
1546,1886,GOODMAN TEL. CO.,
1547,1900,K L M TEL. CO.,
1548,955F,TELECOM NORTH AMERICA MOBILE INC,
1549,1908,LE-RU TEL. CO.,
1550,1920,"MILLER TEL. CO., INC.",
1551,1893,CHOCTAW TEL. CO.,
1552,6123,"TELEPORT COMMUNICATIONS AMERICA, LLC - MO",
1553,9784,"BRIGHTSPEED OF MISSOURI, LLC",
1554,1945,SENECA TEL. CO.,
1555,3275,"FIDELITY CABLEVISION, LLC",
1556,8953,MARK TWAIN COMMUNICATIONS,
1557,1901,KINGDOM TEL. CO.,
1558,1882,"FIDELITY TELEPHONE, LLC",
1559,1949,"STEELVILLE TEL. EXCH., INC.",
1560,1876,FARBER TEL. CO.,
1561,0463,BPS TELEPHONE COMPANY,
1562,1914,MARK TWAIN RURAL TEL. CO.,
1563,1874,ELLINGTON TEL. CO.,
1564,250A,CHARITON VALLEY COMMUNICATIONS CORPORATION,
1565,9785,"BRIGHTSPEED OF MISSOURI, LLC",
1566,3356,"FIDELITY CABLEVISION, LLC",
1567,554A,"SOCKET TELECOM, LLC - MO",
1568,506E,"AURORA COMMUNICATIONS, INC. - MO",
1569,6155,GREEN HILLS TELECOMMUNICATIONS SERVICES,
1570,1864,CHARITON VALLEY TEL. CO.,
1571,1865,CITIZENS TEL. CO.,
1572,1890,GREEN HILLS TEL. CORP.,
1573,1931,NORTHEAST MISSOURI RURAL TEL. CO.,
1574,1917,OTELCO MID-MISSOURI LLC,
1575,1942,ROCK PORT TEL. CO.,
1576,938F,"MCC TELEPHONY OF MISSOURI, LLC - MO",
1577,1935,OREGON FARMERS MUTUAL TEL. CO.,
1578,356H,NETGENUITY INC.,
1579,1860,ALMA COMMUNICATIONS COMPANY DBA ALMA TELEPHONE CO,
1580,4401,"IAMO COMMUNICATIONS, INC.",
1581,454H,"MIDWEST DATA CENTER, INC. - MO",
1582,1929,HOLWAY TEL. CO.,
1583,7589,"LEVEL 3 TELECOM OF KANSAS CITY, LLC - MO",
1584,6530,MOBIL RADIO COMMUNICATIONS DBA MOBILFONE,
1585,718D,"AVID COMMUNICATIONS, LLC - MO",
1586,1932,LATHROP TEL. CO.,
1587,6756,"SELECTPATH, INC.",
1588,6102,"FIDIUM ENTERPRISE SERVICES, LLC",
1589,5278,"TELEPAK NETWORKS, INC. - MS",
1590,5178,"LEVEL 3 COMMUNICATIONS, LLC - MS",
1591,6396,CELLCO PARTNERSHIP DBA VERIZON WIRELESS - MS,
1592,458C,TELEPORT COMMUNICATIONS AMERICA MS - LLC,
1593,220C,"LEVEL 3 TELECOM OF MISSISSIPPI, LLC - MS",
1594,719E,"ONVOY, LLC - MS",
1595,459H,"AIRUS, INC. - MS",
1596,4886,MCIMETRO ACCESS TRANSMISSION SERVICES LLC - MS,
1597,806K,"RGTN USA, INC.",
1598,992E,"BANDWIDTH.COM CLEC, LLC - MS",
1599,2987,"GULFPINES COMMUNICATIONS, LLC",
1600,7474,"POWERTEL MEMPHIS LICENSES, INC.",
1601,0446,"BAY SPRINGS TEL. CO., INC.",
1602,3704,"TEC OF JACKSON, INC. - MS",
1603,6591,"TELETOUCH COMMUNICATIONS, INC.",
1604,3301,SOUTHEAST MISSISSIPPI TEL. CO.,
1605,0451,"DECATUR TEL. CO., INC.",
1606,0453,"WINDSTREAM MISSISSIPPI, INC.",
1607,0456,GEORGETOWN TEL. CO.,
1608,294G,IDT AMERICA CORP. - MS,
1609,4724,"DIXIE NET COMMUNICATIONS, LLC",
1610,0455,"FULTON TEL. CO., INC.",
1611,0460,"FRONTIER COMMUNICATIONS OF MISSISSIPPI, INC.",
1612,0447,"BRUCE TEL. CO., INC.",
1613,0458,"BRIGHTSPEED OF MISSISSIPPI, LLC",
1614,0466,"SLEDGE TEL. CO., INC.",
1615,0448,"CALHOUN CITY TEL. CO., INC.",
1616,0467,"SMITHVILLE TEL. CO., INC.",
1617,0552,"BRIGHTSPEED OF WESTERN TENNESSEE, LLC",
1618,0461,"NOXAPATER TEL. CO., INC.",
1619,0462,"MOUND BAYOU TEL. AND COMMUNICATIONS, INC.",
1620,0449,"MYRTLE TEL. CO., INC.",
1621,771G,TELEPORT COMMUNICATIONS AMERICA MT - LLC,
1622,9415,"LEVEL 3 COMMUNICATIONS, LLC - MT",
1623,6564,CELLCO PARTNERSHIP DBA VERIZON WIRELESS - MT,
1624,3924,"3 RIVERS TELEPHONE COOPERATIVE, INC. - MT",
1625,994E,"BANDWIDTH.COM CLEC, LLC - MT",
1626,453F,"ONVOY, LLC - MT",
1627,2247,NEMONT TEL COOP INC,
1628,7830,"MID-RIVERS TELEPHONE COOPERATIVE, INC.",
1629,2255,"3 RIVERS TEL. COOP., INC.",
1630,2249,"CENTURYTEL OF MONTANA, INC. DBA CENTURYLINK",
1631,443B,"SAGEBRUSH CELLULAR, INC.",
1632,2254,SOUTHERN MONTANA TEL. CO.,
1633,2252,RONAN TEL. CO.,
1634,4322,"ZIPLY FIBER MONTANA, LLC DBA ZIPLY FIBER",
1635,2257,"TRIANGLE TEL. COOP. ASSN., INC.",
1636,4222,ELECTRIC LIGHTWAVE LLC DBA ALLSTREAM,
1637,3959,"INTERBEL TELEPHONE COOPERATIVE, INC. - MT",
1638,2246,"MID-RIVERS TEL. COOP., INC.",
1639,2250,"PROJECT TEL. CO., INC.",
1640,2248,"NORTHERN TEL. COOP., INC.",
1641,619J,SIYEH COMMUNICATIONS,
1642,2251,RANGE TEL COOP INC,
1643,8140,"RANGE TELEPHONE COOPERATIVE, INC. - MT",
1644,3310,"TRIANGLE TEL. COOP. ASSN., INC.",
1645,2244,"LINCOLN TEL. CO., INC.",
1646,958H,"TRIANGLE COMMUNICATION SYSTEM, INC. - MT-",
1647,509K,"LIVEWIRE TELECOM, LLC",
1648,2296,"TRI-COUNTY TEL. ASSN., INC.",
1649,1632,RESERVATION TEL. COOP.,
1650,935G,"TRI TEL, INC. - MT",
1651,986F,WESTERN MONTANA COMMUNITYTEL INC. - MT,
1652,746D,"MONTANA OPTICOM, LLC - MT",
1653,743G,"WIDE VOICE, LLC - MT",
1654,2241,HOT SPRINGS TEL. CO.,
1655,3410,RT COMMUNICATIONS,
1656,2242,"INTERBEL TEL. COOP., INC.",
1657,588H,"AIRUS, INC. - MT",
1658,1689,WEST RIVER COOPERATIVE TELEPHONE COMPANY,
1659,8389,"TELEPORT COMMUNICATIONS AMERICA, LLC - NC",
1660,7835,MCIMETRO ACCESS TRANSMISSION SERVICES LLC - NC,
1661,6324,CELLCO PARTNERSHIP DBA VERIZON WIRELESS - NC,Verizon
1662,0470,"BRIGHTSPEED OF EASTERN NORTH CAROLINA, LLC",
1663,4809,CENTURYLINK COMMUNICATIONS LLC - NC,
1664,6282,UNITED STATES CELLULAR - NC,
1665,998E,"BANDWIDTH.COM CLEC, LLC - NC",
1666,440G,"FRONTIER COMMUNICATIONS OF AMERICA, INC. - NC",
1667,638E,"ONVOY, LLC - NC",
1668,3235,"LEVEL 3 COMMUNICATIONS, LLC - NC",
1669,351H,TRI-COUNTY COMMUNICATIONS INC - NC,
1670,864F,"VERIZON SOUTH, INC. - NC",
1671,511C,"SOUTH CAROLINA NET, INC. - NC",
1672,7555,"LEVEL 3 TELECOM OF NORTH CAROLINA, LP - NC",
1673,350F,"PEERLESS NETWORK OF NORTH CAROLINA, LLC - NC",
1674,816E,BUGGS ISL TEL CO-OP DBA BUGGS ISLAND TEL CO - NC,
1675,0505,TRI-COUNTY TEL. MEMBERSHIP CORP.,
1676,7973,"LEVEL 3 TELECOM OF NORTH CAROLINA, LP - NC",
1677,0471,"BRIGHTSPEED OF NORTH CAROLINA, LLC",
1678,0497,SURRY TEL. MEMBERSHIP CORP.,
1679,0483,"WINDSTREAM LEXCOM COMMUNICATIONS, LLC",
1680,0485,"BRIGHTSPEED OF CENTRAL NORTH CAROLINA, LLC",
1681,0496,RANDOLPH TEL. MEMBERSHIP CORP.,
1682,0511,YADKIN VALLEY TEL. MEMBERSHIP CORP.,
1683,0503,SURRY TEL. MEMBERSHIP CORP.,
1684,035B,"PIEDMONT COMMUNICATIONS SERVICES, INC. - NC",
1685,0501,SKYLINE TEL. MEMBERSHIP CORP.,
1686,0476,"WINDSTREAM NORTH CAROLINA, INC.",
1687,0491,NORTH STATE TELEPHONE CO. DBA NORTH STATE COMM,
1688,5932,"CAROLINA WEST WIRELESS, INC.",
1689,4792,"XO NORTH CAROLINA, INC.",
1690,5307,"READY TELECOM, INC. - NC",
1691,757D,"RANDOLPH TELEPHONE TELECOMMUNICATIONS, INC. - NC",
1692,361F,"NORTH STATE COMMUNICATIONS ADVANCED SVCS, LLC-NC",
1693,769H,RIVERSTREET COMMUNICATIONS OF NO CAROLINA - NC,
1694,5418,"YADKIN VALLEY TELECOM, INC. - NC",
1695,6023,REISENWEAVER COMM INC DBA RCS COMMUNICATIONS GROUP,
1696,9539,"SKYBEST COMMUNICATIONS, INC. - NC",
1697,0510,WILKES TEL. MEMBERSHIP CORP.,
1698,795D,"WILKES COMMUNICATIONS, INC. - NC",
1699,703H,"STARVISION, INC. - NC",
1700,465H,"WIDE VOICE, LLC - NC",
1701,7858,"LEVEL 3 TELECOM OF NORTH CAROLINA, LP - NC",
1702,7970,"WINDSTREAM COMMUNICATIONS, INC. - NC",
1703,4334,FRONTIER COMMUNICATIONS OF THE CAROLINAS INC. - NC,
1704,0474,"WINDSTREAM CONCORD TELEPHONE, LLC",
1705,8705,"MATTHEWS RADIO SERVICE, INC. DBA EASTERN RADIO",
1706,9412,"SPRINGBOARD TELECOM, LLC - NC",
1707,0494,PINEVILLE TEL. CO.,
1708,867A,TOWN OF PINEVILLE DBA PTC COMMUNICATIONS - NC,
1709,0509,FRONTIER COMMUNICATIONS OF THE CAROLINAS INC. - NC,
1710,801D,"BALSAMWEST FIBERNET, LLC - NC",
1711,403H,"ETC COMMUNICATIONS, LLC - NC",
1712,6938,RODNEY SHEPARDSON DBA BUSINESS RADIO SERVICE,
1713,6914,A BEEP AWAY,
1714,0469,BARNARDSVILLE TEL. CO.,
1715,0498,SALUDA MOUNTAIN TEL. CO.,
1716,0473,CITIZENS TEL. CO.,
1717,975D,"VOLO COMMUNICATIONS OF NORTH CAROLINA, INC. - NC",
1718,0468,ATLANTIC TEL. MEMBERSHIP CORP.,
1719,452G,"ATLANTIC TELECOM MULTIMEDIA CONSOLIDATED, LLC - NC",
1720,0502,STAR TEL. MEMBERSHIP CORP.,
1721,0500,SERVICE TEL. CO.,
1722,0478,"ELLERBE TEL. CO., INC.",
1723,360E,YMAX COMMUNICATIONS CORP. - NC,
1724,0254,"BRIGHTSPEED OF VIRGINIA, LLC",
1725,6925,"COMSCAPE TELECOMMUNICATIONS, INC.",
1726,668J,"TELIAX, INC.",
1727,749H,"COMPORIUM, INC.- NC",
1728,8054,"LEVEL 3 COMMUNICATIONS, LLC - ND",
1729,6568,CELLCO PARTNERSHIP DBA VERIZON WIRELESS - ND,
1730,1678,"TURTLE MOUNTAIN COMMUN., INC.",
1731,3065,MIDCONTINENT COMMUNICATIONS - ND,
1732,1631,RED RIVER RURAL TEL ASSN DBA RED RIVER COMM - ND,
1733,3303,"SRT COMMUNICATIONS, INC.",
1734,1447,NORTH DAKOTA TELEPHONE CO.,
1735,1604,BEK COMMUNICATIONS COOPERATIVE,
1736,1636,UNITED TEL. MUTUAL AID CORP.,
1737,1607,CONSOLIDATED TELCOM,
1738,1610,DAKOTA CENTRAL TELECOMMUNICATIONS COOP.,
1739,1611,DICKEY RURAL TEL. COOP.,
1740,452F,"ONVOY, LLC - ND",
1741,4413,WEST RIVER TELECOMMUNICATIONS COOP. - ND,
1742,772G,TELEPORT COMMUNICATIONS AMERICA - ND - LLC,
1743,2564,ELECTRIC LIGHTWAVE LLC DBA ALLSTREAM,
1744,1625,NORTHWEST COMMUNICATIONS COOP.,
1745,287G,"MLGC, L.L.C. - ND",
1746,999E,"BANDWIDTH.COM CLEC, LLC - ND",
1747,1683,"DAKOTA CENTRAL TELECOM I, INC.",
1748,1622,GRIGGS COUNTY TEL. CO.,
1749,1680,VENTURE COMMUNICATIONS COOPERATIVE,
1750,374F,"STANDING ROCK TELECOMMUNICATIONS, INC.",
1751,7008,"CONSOLIDATED COMMUNICATIONS NETWORKS, INC. - ND",
1752,1509,WOLVERTON TEL. CO. - ND,
1753,2737,"VAL-ED JOINT VENTURE, LLP DBA 702 COMMUNICATIONS",
1754,410J,"LTE WIRELESS, INC. - ND",
1755,571J,"PEERING HUB, INC.",
1756,460H,"PEERLESS NETWORK OF NORTH DAKOTA, LLC",
1757,1615,GRIGGS COUNTY TEL. CO.,
1758,587A,NCC ENTERPRISES,
1759,597J,COMPUTER TELEPHONY INNOVATIONS INC. DBA VOXTELESYS,
1760,1616,"INTER-COMMUNITY TELEPHONE COMPANY, LLC",
1761,1674,RC TECHNOLOGIES,
1762,3796,HALSTAD TELEPHONE COMPANY - ND,
1763,744G,"WIDE VOICE, LLC - ND",
1764,1799,"DAKTEL COMMUNICATIONS, LLC - ND",
1765,1664,JAMES VALLEY COOPERATIVE TELEPHONE COMPANY,
1766,3233,"LEVEL 3 COMMUNICATIONS, LLC - NE",
1767,5807,CELLCO PARTNERSHIP DBA VERIZON WIRELESS - NE,
1768,4530,UNITED TEL CO OF THE WEST DBA CENTURYLINK - NE,
1769,1574,NEBRASKA CENTRAL TEL. CO.,
1770,1518,"ELSIE COMMUNICATIONS, INC.",
1771,1530,"CONSOLIDATED TELCO, INC.",
1772,885E,"GLENWOOD TELECOMMUNICATIONS, INC. - NE",
1773,7144,"TELEPORT COMMUNICATIONS AMERICA, LLC - NE",
1774,1553,GLENWOOD TEL. MEMBERSHIP CORP.,
1775,1516,ARAPAHOE TEL. CO.,
1776,549E,"ONVOY, LLC - NE",
1777,6263,UNITED STATES CELLULAR - NE,
1778,9764,MOBIUS COMMUNICATIONS COMPANY - NE,
1779,995E,"BANDWIDTH.COM CLEC, LLC - NE",
1780,2309,"PINPOINT COMMUNICATIONS, INC. - NE",
1781,1567,"GLENWOOD NETWORK SERVICES, INC.",
1782,1536,CURTIS TEL. CO.,
1783,1561,HERSHEY COOP. TEL. CO.,
1784,1537,DALTON TEL. CO.,
1785,1597,WAUNETA TEL. CO.,
1786,1659,GOLDEN WEST TEL COOP INC DBA GOLDEN WEST TELECOMM,
1787,1532,CONSOLIDATED TEL. CO.,
1788,1590,"SODTOWN COMMUNICATIONS, INC.",
1789,1562,"CONSOLIDATED TELECOM, INC.",
1790,1558,HEMINGFORD COOP. TEL. CO.,
1791,1576,NORTHEAST NEBRASKA TEL. CO.,
1792,1526,CAMBRIDGE TEL. CO.,
1793,4635,"PINPOINT WIRELESS, INC.",
1794,710A,"ALLO COMMUNICATIONS, LLC - NE",
1795,1534,COZAD TEL. CO.,
1796,1525,THREE RIVER TELCO,
1797,851A,"HUNTEL CABLEVISION, INC. DBA HUNTEL COMMS - NE",
1798,1586,ROCK COUNTY TEL. CO.,
1799,1591,"SOUTHEAST NEBRASKA COMMUNICATIONS, INC.",
1800,1556,HARTINGTON TELECOMMUNICATIONS CO.,
1801,1581,PIERCE TEL. CO.,
1802,975G,"PBN, LLC - NE",
1803,681A,"THREE RIVER COMMUNICATIONS, LLC - NE",
1804,1565,K & M TEL. CO.,
1805,583E,"LONG LINES SIOUXLAND, LLC - NE",
1806,8632,"NEBRASKA TECHNOLOGY & TELECOMMUNICATIONS, INC.",
1807,1524,BLAIR TEL. CO.,
1808,1592,"STANTON TELECOM, INC.",
1809,1517,ARLINGTON TEL. CO.,
1810,1563,HOOPER TEL. CO.,
1811,1582,"PLAINVIEW TEL. CO., INC.",
1812,1542,EASTERN NEBRASKA TEL. CO.,
1813,1555,HAMILTON TEL. CO.,
1814,1686,VIVIAN TEL CO DBA GOLDEN WEST TELECOMMUNICATIONS,
1815,826C,"INTRADO COMMUNICATIONS, LLC",
1816,1559,HENDERSON COOP. TEL. CO.,
1817,444H,"WIDE VOICE, LLC - NE",
1818,6290,UNITED STATES CELLULAR - NH,
1819,637E,"ONVOY, LLC - NH",
1820,5113,CONSOLIDATED COMM OF NO. NEW ENGLAND-NH,
1821,4017,"LEVEL 3 COMMUNICATIONS, LLC - NH",
1822,927H,"PEERLESS NETWORK OF NEW HAMPSHIRE, LLC - NH",
1823,0049,UNION TEL. CO.,
1824,7778,MCIMETRO ACCESS TRANSMISSION SERVICES LLC - NH,
1825,0038,BRETTON WOODS TEL. CO.,
1826,573F,"TOPSHAM COMMUNICATIONS, LLC",
1827,8299,"TELEPORT COMMUNICATIONS AMERICA, LLC - NH",
1828,3320,"MERRIMACK CO. TELEPHONE CO., DBA CONTOOCOOK VALLEY",
1829,0047,MERRIMACK COUNTY TEL. CO.,
1830,314C,"IDT AMERICA, CORP. - NH",
1831,3321,"HOLLIS TELEPHONE COMPANY, INC.",
1832,0045,KEARSARGE TEL. CO.,
1833,0039,"GRANITE STATE TEL., INC.",
1834,996E,"BANDWIDTH.COM CLEC, LLC - NH",
1835,0050,WILTON TEL. CO.,
1836,631H,"FIDIUM ENTERPRISE SERVICES, LLC",
1837,9827,"OTEL TELEKOM, INC. - NH",
1838,0043,DUNBARTON TEL. CO.,
1839,9206,"VERIZON NEW JERSEY, INC.",
1840,325E,YMAX COMMUNICATIONS CORP. - NJ,
1841,6391,CELLCO PARTNERSHIP DBA VERIZON WIRELESS - NJ,
1842,6623,"OMNIPOINT COMMUNICATIONS, INC. - NJ",T-Mobile
1843,7142,"TELEPORT COMMUNICATIONS AMERICA, LLC - NJ",
1844,6734,GENERAL COMMUNICATIONS & ELECTRONICS CORPORATION,
1845,637C,"ONVOY, LLC - NJ",
1846,4804,"LEVEL 3 COMMUNICATIONS, LLC - NJ",
1847,7134,MCIMETRO ACCESS TRANSMISSION SERVICES LLC - NJ,
1848,118F,"BANDWIDTH.COM CLEC, LLC - NJ",
1849,3639,"MONMOUTH TELEPHONE AND TELEGRAPH, INC. - NJ",
1850,264F,"PEERLESS NETWORK OF NEW JERSEY, LLC - NJ",
1851,4948,"CABLEVISION LIGHTPATH, INC. - NJ",
1852,8407,"COOPERATIVE COMMUNICATIONS, INC.",
1853,2771,"LEVEL 3 TELECOM OF NEW JERSEY, LP - NJ",
1854,6830,SUPERIOR COMMUNICATIONS TECHNOLOGY CORP.,
1855,482E,"FUSION, LLC",
1856,6801,"ADVANTAGE COMMUNICATIONS, INC.",
1857,4967,WARWICK VALLEY TELEPHONE COMPANY,
1858,6871,"DIAL-A-BEEPER, INC.",
1859,917G,"BARR TELL USA, INC. - NJ",
1860,066G,"AIRUS, INC. - NJ",
1861,482F,"CORETEL NEW JERSEY, INC. - NJ",
1862,999H,"BLUEBIRD COMMUNICATIONS, LLC - NJ",
1863,7310,"TELEPORT COMMUNICATIONS AMERICA, LLC - NJ",
1864,9003,"NETCARRIER TELECOM, INC. - NJ",
1865,835E,"BLOCK LINE SYSTEMS, LLC - NJ",
1866,4123,"XO NEW JERSEY, INC.",
1867,852B,"BUSINESS AUTOMATION TECHNOLOGIES, INC. - NJ",
1868,124L,"BARR TELL USA, INC.",
1869,829C,"INTRADO COMMUNICATIONS, LLC",
1870,854D,"XTEL COMMUNICATIONS, INC.",
1871,396H,"WIDE VOICE, LLC - NJ",
1872,5982,MANHATTAN TELECOMM OF NJ DBA METTEL - NJ,
1873,0138,"BRIGHTSPEED OF NEW JERSEY, INC.",
1874,932E,XCHANGE TELECOM CORP. - NJ,
1875,6873,"LITELCO COMMUNICATIONS, INC.",
1876,420F,"SERVICE ELECTRIC TELEPHONE COMPANY, LLC - NJ",
1877,0135,ALTEVA OF WARWICK LLC,
1878,4959,WARWICK VALLEY TELEPHONE COMPANY - NJ,
1879,206F,"ONVOY, LLC - NM",
1880,6573,CELLCO PARTNERSHIP DBA VERIZON WIRELESS - NM,
1881,377H,"PEERLESS NETWORK OF NEW MEXICO, LLC - NM",
1882,7457,"LEVEL 3 TELECOM OF NEW MEXICO, LLC - NM",
1883,123F,"BANDWIDTH.COM CLEC, LLC - NM",
1884,5470,"LEVEL 3 COMMUNICATIONS, LLC - NM",
1885,473E,ZIPPYTECH OF NEW MEXICO INCORPORATED - NM,
1886,7464,MCIMETRO ACCESS TRANSMISSION SERVICES LLC - NM,
1887,1193,"VALOR TELECOM TX,LP-NM #2 DBA WINDSTREAM COMM SW",
1888,4450,NAVAJO COMM CO INC NM DBA NAVAJO COMM CO NM,
1889,450C,TELEPORT COMMUNICATIONS AMERICA NM-LLC,
1890,777B,"PLATEAU TELECOMMUNICATIONS, INC. - NM",
1891,9658,"VALUTEL COMMUNICATIONS, INC. - NM",
1892,661D,"MESCALERO APACHE TELECOM, INC. - NM",
1893,868G,"FASTTRACK COMMUNICATIONS, INC. - NM",
1894,427H,"WIDE VOICE, LLC - NM",
1895,2274,CENTURYTEL SOUTHWEST INC-NM DBA CENTURYLINK - NM,
1896,340E,"SACRED WIND COMMUNICATIONS, INC.",
1897,6749,TELEBEEPER OF NEW MEXICO,
1898,243H,"CEBRIDGE TELECOM NM, LLC DBA SUDDENLINK COMM NM",
1899,2264,"LEACO RURAL TEL. COOP., INC.",
1900,2350,"YUCCA TELECOMM SYSTEMS, INC., DBA YUCCA COMM-NM",
1901,1164,"VALOR TELECOM TX,LP-NM #1 DBA WINDSTREAM COMM SW",
1902,713G,"SIERRA COMMUNICATIONS, INC. - NM",
1903,2272,"ROOSEVELT COUNTY RURAL TEL. COOP., INC.",
1904,438D,"PVT NETWORKS, INC. - NM",
1905,2259,"BACA VALLEY TEL. CO., INC.",
1906,2262,E.N.M.R. TEL COOP,
1907,2270,"PENASCO VALLEY TEL. COOP., INC.",
1908,3798,"LEACO RURAL TELEPHONE COOPERATIVE, INC. DBA LEACO",
1909,2263,"LA JICARITA RURAL TEL. COOP., INC.",
1910,470G,"TULAROSA COMMUNICATIONS, INC. - NM",
1911,1231,"MESCALERO APACHE TELECOM, INC. - NM",
1912,2268,"WESTERN NEW MEXICO TEL. CO., INC.",
1913,167F,INTERACTIVE NETWORKS CORPORATION -NM,
1914,2265,"TULAROSA BASIN TELEPHONE CO., INC.",
1915,4433,DELL TEL. CORP. INC. - NM,
1916,3700,MICRONESIAN TELECOMMUNICATIONS CORPORATION,
1917,4974,"GUAM WIRELESS TELEPHONE COMPANY, LLC",
1918,029F,"ONVOY, LLC - NV",
1919,2348,CENTRAL TEL. CO. - NEVADA DBA CENTURYLINK,
1920,075F,"BANDWIDTH.COM CLEC, LLC - NV",
1921,7487,"LEVEL 3 TELECOM OF NEVADA, LLC - NV",
1922,6458,CELLCO PARTNERSHIP DBA VERIZON WIRELESS - NV,
1923,9145,MCIMETRO ACCESS TRANSMISSION SERVICES LLC - NV,
1924,4805,"LEVEL 3 COMMUNICATIONS, LLC - NV",
1925,100J,"CASCADE ACCESS, LLC - NV",
1926,587C,"TELEPORT COMMUNICATIONS AMERICA, LLC - NV",
1927,408F,"PEERLESS NETWORK OF NEVADA, LLC - NV",
1928,827C,"INTRADO COMMUNICATIONS, LLC",
1929,2817,"MATRIX TELECOM, LLC. S/I/I TNCI - NV",
1930,2353,MOAPA VALLEY TEL. CO.,
1931,2351,"LINCOLN COUNTY TEL. SYSTEM, INC.",
1932,7521,"XO NEVADA, LLC",
1933,811D,"UTILITY TELECOM GROUP, LLC - NV",
1934,253F,"WIDE VOICE, LLC - NV",
1935,9742,NEVADA BELL,
1936,187G,ELECTRIC LIGHTWAVE LLC DBA ALLSTREAM,
1937,030J,"NOS COMMUNICATIONS, INC. - NV",
1938,429K,"PEERINGHUB, INC.",
1939,4421,FRONTIER COMMUNICATIONS OF THE SOUTHWEST INC. - NV,
1940,3304,HUMBOLDT TELEPHONE COMPANY,
1941,7376,MCIMETRO ACCESS TRANSMISSION SERVICES LLC - NV,
1942,2349,CHURCHILL COUNTY TELEPHONE DBA CC COMMUNICATIONS,
1943,4612,"BEEHIVE TELEPHONE CO., INC. - NEVADA",
1944,2354,CITIZENS TELECOMM CO OF NV DBA FRONTIER COMM OF NV,
1945,7692,AT&T CORP. - NV,
1946,218G,SOUTHWEST TELEPHONE COMPANY - NV,
1947,791D,CENTRAL TELCOM SVCS DBA CENTRACOM INTERACTIVE - NV,
1948,4438,CENTURYTEL GEM STATE INC-NV DBA CENTURYLINK - NV,
1949,384C,"ONVOY, LLC- NY",
1950,4006,"LEVEL 3 COMMUNICATIONS, LLC - NY",
1951,7353,"RCN TELECOM SERVICES, INC. - NY",
1952,997E,"BANDWIDTH.COM CLEC, LLC - NY",
1953,7133,MCIMETRO ACCESS TRANSMISSION SERVICES LLC - NY,
1954,8473,"LEVEL 3 TELECOM OF NEW YORK, LP - NY",
1955,7126,"CABLEVISION LIGHTPATH, INC. - NY",
1956,8526,METROPOLITAN TELECOMMUNICATIONS - NY,
1957,744H,"TELXMEDIA, INC. - NY",
1958,155E,"PEERLESS NETWORK OF NEW YORK, LLC - NY",
1959,6959,CELLCO PARTNERSHIP DBA VERIZON WIRELESS - NY,
1960,8667,"AMERICAN NETWORK, INC.",
1961,8249,RINGSQUARED TELECOM LLC,
1962,6622,"OMNIPOINT COMMUNICATIONS, INC. - NY",
1963,0096,CITIZENS TELECOMM CO OF NY DBA FRONTIER COMM OF NY,
1964,0106,"WINDSTREAM NEW YORK, INC. - FULTON",
1965,193C,"SLIC NETWORK SOLUTIONS, INC. - NY",
1966,282E,YMAX COMMUNICATIONS CORP. - NY,
1967,4721,"CONTACT COMMUNICATIONS, INC.",
1968,0081,"CITIZENS TEL. CO. OF HAMMOND NY, INC.",
1969,0108,"NICHOLVILLE TEL. CO., INC.",
1970,0092,"EDWARDS TEL. CO., INC.",
1971,7556,"NORTHLAND NETWORKS, LTD. - NY",
1972,0118,PORT BYRON TEL. CO.,
1973,0112,"ONTARIO TELEPHONE COMPANY, INC.",
1974,818H,"PEERING HUB, INC. - NY",
1975,0129,"TOWNSHIP TEL. CO., INC.",
1976,1227,"WESTELCOM NETWORK, INC. - NY",
1977,8340,"XO NEW YORK, INC.",
1978,0114,ORISKANY FALLS TEL. CORP.,
1979,0107,"NEWPORT TEL. CO., INC.",
1980,0111,ONEIDA COUNTY RURAL TEL. CO.,
1981,0133,"VERNON TEL. CO., INC.",
1982,629E,"FINGER LAKES TECHNOLOGIES GROUP, INC. - NY",
1983,473G,TELENGY L.L.C. - NY,
1984,087H,EMPIRE LONG DISTANCE CORPORATION,
1985,1215,"CORETEL NEW YORK, INC. - NY",
1986,782G,BALTIMORE-WASHINGTON TELEPHONE COMPANY - NY,
1987,705G,"WIDE VOICE, LLC - NY",
1988,977K,YORKSTREAM COMMUNICATIONS LLC,
1989,525G,"BARR TELL USA, INC. - NY",
1990,831C,"INTRADO COMMUNICATIONS, LLC",
1991,452J,LTE WIRELESS INC D/B/A LTE WIRELESS - NY,
1992,872K,"DIALWAVE, INC.",
1993,4830,"LINGO TELECOM, LLC",
1994,325B,XCHANGE TELECOM CORP. - NY,
1995,0059,"ZCALL.COM, INC.",
1996,363H,"AIRUS, INC. - NY",
1997,2612,"SCARSDALE SECURITY SYSTEMS, INC.",
1998,0077,CHAMPLAIN TEL. CO.,
1999,7989,"TVC ALBANY, INC. DBA FIRSTLIGHT FIBER",
2000,0105,MIDDLEBURGH TEL. CO.,
2001,0065,"PRIMELINK, INC. - NY",
2002,0072,"FRONTIER COMMUNICATIONS OF AUSABLE VALLEY, INC.",
2003,1941,"CENTRAL VERMONT COMMUNICATIONS, INC.",
2004,825D,NEW DIMENSION WIRELESS LTD,
2005,830G,"FIDIUM ENTERPRISE SERVICES, LLC",
2006,0079,CHAZY & WESTPORT TEL. CORP.,
2007,506H,SEAMLESS GEOPORT COMM DBA MIDDLEBURGH TELEPHONE LD,
2008,0097,"GERMANTOWN TEL. CO., INC.",
2009,716G,CROWN POINT NTWK TECH INC DBA BRIDGE POINT COMM-NY,
2010,271G,"INTEGRATED PATH COMMUNICATIONS, LLC - NY",
2011,0085,CROWN POINT TEL. CORP.,
2012,970H,"BLUEBIRD COMMUNICATIONS, LLC - NY",
2013,0125,STATE TEL. CO.,
2014,0073,BERKSHIRE TEL. CO.,
2015,7650,MCIMETRO ACCESS TRANSMISSION SERVICES LLC - NY,
2016,0116,PATTERSONVILLE TEL. CO.,
2017,360H,"CATSKILLS COMMUNICATIONS, INC - NY",
2018,0121,"FRONTIER TELEPHONE OF ROCHESTER, INC.",
2019,0122,"FRONTIER COMMUNICATIONS OF SENECA GORHAM, INC.",
2020,0113,"WINDSTREAM NEW YORK, INC. - RED JACKET",
2021,0110,OGDEN TELCO NY DBA FRONTIER OGDEN TELEPHONE CO,
2022,0093,EMPIRE TEL. CORP.,
2023,932G,"SERVICE ELECTRIC TELEPHONE COMPANY, LLC - NY",
2024,0071,ARMSTRONG TEL. CO. - NY,
2025,0131,"TRUMANSBURG TELEPHONE COMPANY, INC.",
2026,421C,"ARMSTRONG TELECOMMUNICATIONS, INC. - NY",
2027,0089,"DEPOSIT TEL. CO., INC.",
2028,0099,HANCOCK TEL. CO.,
2029,084J,"DTC CABLE, INC. - NY",
2030,0088,DELHI TEL. CO.,
2031,0095,FISHERS ISLAND TEL. CORP.,
2032,3751,"GC PIVOTAL, LLC - NY",
2033,892E,RINGSQUARED TELECOM LLC,
2034,200B,"AIRESPRING, INC. - CA",
2035,474F,"BUSINESS AUTOMATION TECHNOLOGIES, INC. - NY",
2036,942B,"MATRIX TELECOM, LLC. S/I/I TNCI - NY",
2037,5367,DFT LOCAL SERVICE CORP. DBA DFT SELECT ONE-NY,
2038,0078,CHAUTAUQUA & ERIE TEL. CORP.,
2039,211C,"IDT AMERICA, CORP. - NY",
2040,0109,"WINDSTREAM NEW YORK, INC. - JAMESTOWN",
2041,0076,CASSADAGA TEL. CORP.,
2042,0091,DUNKIRK & FREDONIA TEL. CO.,
2043,2709,"UNITED CELLULAR & PAGING, INC.",
2044,9073,"VALSTAR, INC. - NY",
2045,960K,"GREENWAY COMMUNICATIONS, LLC",
2046,063J,STATE TEL LONG DIST CO INC DBA STATE TEL-ATHENS-NY,
2047,2475,"FRONTIER COMMUNICATIONS OF AMERICA, INC. - NY",
2048,0128,"FRONTIER COMMUNICATIONS OF SYLVAN LAKE, INC.",
2049,0100,"FRONTIER COMMUNICATIONS OF NEW YORK, INC.",
2050,0104,"MARGARETVILLE TEL. CO., INC.",
2051,4140,WARWICK VALLEY TELEPHONE COMPANY - NY,
2052,6800,"TRINITY INTERNATIONAL, INC.",
2053,6877,K.T.W. INTERNATIONAL CORP.,
2054,9321,OHIO BELL TEL CO,AT&T Ohio
2055,001F,"BANDWIDTH.COM CLEC, LLC - OH",
2056,464C,"ONVOY, LLC - OH",
2057,6025,CELLCO PARTNERSHIP DBA VERIZON WIRELESS - OH,
2058,4863,"LEVEL 3 COMMUNICATIONS, LLC - OH",
2059,7532,"TELEPORT COMMUNICATIONS AMERICA, LLC - OH",
2060,7443,MCIMETRO ACCESS TRANSMISSION SERVICES LLC - OH,
2061,284F,"PEERLESS NETWORK OF OHIO, LLC - OH",
2062,735E,"SIGECOM, LLC DBA WOW INTERNET CABLE AND PHONE",
2063,7460,"LEVEL 3 TELECOM OF OHIO, LLC - OH",
2064,7836,MCIMETRO ACCESS TRANSMISSION SERVICES LLC - OH,
2065,0665,"WINDSTREAM OHIO, LLC",
2066,0666,"WINDSTREAM WESTERN RESERVE, INC.",
2067,7520,"XO OHIO, INC.",
2068,155F,"SUPER-NET, INC. - OH",
2069,9557,"INTRADO COMMUNICATIONS, LLC",
2070,601G,"HORIZON SERVICES, INC. - OH",
2071,024E,"ARMSTRONG TELECOMMUNICATIONS, INC. - OH",
2072,765H,"WIDE VOICE, LLC - OH",
2073,0661,"BRIGHTSPEED OF NORTHWEST OHIO, INC.",
2074,0609,DOYLESTOWN TEL. CO.,
2075,0651,PATTERSONVILLE TEL. CO.,
2076,849C,"DOYLESTOWN COMMS, INC. DBA HERITAGE TELCO - OH",
2077,125J,"VISION CTS, LLC",
2078,2094,"QUALSTAR COMMUNICATIONS, INC. - OH",
2079,0654,RIDGEVILLE TEL. CO.,
2080,0649,"HANSON COMMUNICATIONS OF OHIO, LLC-ORWELL",
2081,0614,FT. JENNINGS TEL. CO.,
2082,0640,"TSC COMMUNICATIONS, INC. - OH",
2083,7158,MCIMETRO ACCESS TRANSMISSION SERVICES LLC - OH,
2084,0662,VANLUE TEL. CO.,
2085,0586,ARTHUR MUTUAL TEL. CO.,
2086,0588,AYERSVILLE TEL. CO.,
2087,0658,SYCAMORE TEL. CO.,
2088,0590,BENTON RIDGE TEL. CO.,
2089,9133,"GOLDSTAR COMMUNICATIONS, LLC - OH",
2090,0650,OTTOVILLE MUTUAL TEL. CO.,
2091,4418,"FRONTIER COMMUNICATIONS OF MICHIGAN, INC. - OH",
2092,0625,"KALIDA TEL. CO., INC.",
2093,0619,"GLANDORF TEL. CO., INC.",
2094,0607,CONTINENTAL OF OHIO,
2095,0645,OAKWOOD TELEPHONE CO.,
2096,0659,TEL SERVICE CO.,
2097,0663,"VAUGHNSVILLE TEL. CO., INC.",
2098,0644,NOVA TEL. CO.,
2099,0591,BUCKLAND TELEPHONE COMPANY,
2100,0604,"HANSON COMMUNICATIONS OF OHIO, LLC-COLUMBUS GROVE",
2101,0598,MCCLURE TEL. CO.,
2102,0639,NEW KNOXVILLE TEL. CO.,
2103,0612,FARMERS MUTUAL TEL. CO.,
2104,0585,ARCADIA TEL. CO.,
2105,0656,"SHERWOOD MUTUAL TEL. ASSN., INC.",
2106,0589,BASCOM MUTUAL TEL. CO.,
2107,0664,WABASH MUTUAL TEL. CO.,
2108,0633,MIDDLE POINT HOME TEL. CO.,
2109,8168,"TIER 2 COMMUNICATIONS, LLC",
2110,0630,"BRIGHTSPEED OF OHIO, LLC",
2111,032H,"GREAT WAVE BROADBAND SERVICES, LLC",
2112,0606,CONNEAUT TEL. CO.,
2113,036B,"CITYNET OHIO, LLC - OH",
2114,309B,CINCINNATI BELL EXTENDED TERRITORIES LLC - OH,
2115,600F,CINBELL EXT TERR LLC DBA ALTAFIBER CONNECTED SVCS,
2116,0613,"LITTLE MIAMI COMMUNICATIONS, CORP.",
2117,907J,BARR TELL USA,
2118,047G,"MCC TELEPHONY OF THE MIDWEST, LLC - OH",
2119,509B,AMERICAN BROADBAND AND TELECOMMS COMPANY - OH,
2120,818E,RIDGEVILLE TELEPHONE COMPANY - OH,
2121,359G,"GLANDORF TELEPHONE COMPANY, INC. - OH",
2122,760J,FARMERS MUTUAL TELEPHONE CO. DBA FMTC,
2123,816D,FORT JENNINGS TELEPHONE COMPANY - OH,
2124,669D,WABASH MUTUAL TELEPHONE COMPANY - OH,
2125,921G,MCCLURE COMMUNICATIONS CORPORATION - OH,
2126,849E,BASCOM MUTUAL TELEPHONE COMPANY - OH,
2127,6596,"RAM TECHNOLOGIES, INC. - OH",
2128,6700,"SOUTHERN OHIO COMMUN SERVICES, INC.",
2129,0597,CHILLICOTHE TEL. CO.,
2130,380H,"CAS COMMUNICATIONS, LLC - OH",
2131,0634,MINFORD TEL. CO.,
2132,0594,THE CHAMPAIGN TELEPHONE COMPANY,
2133,5632,"CT COMMUNICATIONS NETWORK, INC. - OH",
2134,0618,"HANSON COMMUNICATIONS OF OHIO, LLC-GERMANTOWN",
2135,530C,TELEPORT COMMUNICATIONS AMERICA OK - LLC,
2136,6272,UNITED STATES CELLULAR - OK,
2137,5813,CELLCO PARTNERSHIP DBA VERIZON WIRELESS - OK,
2138,119F,"BANDWIDTH.COM CLEC, LLC - OK",
2139,7258,MCIMETRO ACCESS TRANSMISSION SERVICES LLC - OK,
2140,2018,"PIONEER TEL. COOP., INC.",
2141,409F,"ONVOY, LLC - OK",
2142,1165,VALOR TELECOM TX.LP-OK DBA WINDSTREAM COMM SW,
2143,1995,"HINTON TEL. CO. OF HINTON OK, INC.",
2144,5257,"LEVEL 3 COMMUNICATIONS, LLC - OK",
2145,2020,POTTAWATOMIE TEL. CO.,
2146,2006,MCLOUD TEL. CO.,
2147,1984,"OKLAHOMA COMMUNICATION SYSTEM, INC.",
2148,384H,"PEERLESS NETWORK OF OKLAHOMA, LLC - OK",
2149,1980,CHICKASAW TEL. CO.,
2150,4630,"CHICKASAW TELECOMMUNICAIONS SERVICES, INC.",
2151,9671,"PAGE PLUS, INC.",
2152,258F,"WICHITA ONLINE, INC. - OK",
2153,094B,CENTRAL CELLULAR L.L.C. DBA COTC CONNECTIONS - OK,
2154,148G,"CROSS WIRELESS, L.L.C.",
2155,1965,"WINDSTREAM OKLAHOMA, INC.",
2156,809H,"CROSS CABLE TELEVISION, LLC - OK",
2157,945H,"NORTHEAST RURAL SERVICES, INC. - OK",
2158,235C,"PINE TELEPHONE COMPANY DBA PINE CELL PHONES, INC.",
2159,468B,"PANHANDLE TELECOMMUNICATIONS SYSTEMS, INC.",
2160,2010,"MID-AMERICA TEL., INC.",
2161,2025,SOUTHWEST OKLAHOMA TEL. CO.,
2162,2141,SANTA ROSA TEL COOP INC,
2163,1979,CHEROKEE TEL. CO.,
2164,2017,PINE TEL. CO.,
2165,387E,CROSS-VALLIANT CELLULAR PARTNERSHIP,
2166,1988,DOBSON TEL. CO.,
2167,2029,TERRAL TEL. CO.,
2168,2008,MEDICINE PARK TEL. CO.,
2169,3533,"CHOICE WIRELESS, LC",
2170,1976,CARNEGIE TEL. CO.,
2171,302F,"FIDELITY CABLEVISION, LLC",
2172,2032,VALLIANT TEL. CO.,
2173,9732,"T.K.O. COMMUNICATIONS, INC.",
2174,7632,"LEVEL 3 TELECOM OF OKLAHOMA, LLC - OK",
2175,1982,CIMARRON TEL. CO.,
2176,1994,"GRAND TEL. CO., INC.",
2177,1968,"BEGGS TEL. CO., INC.",
2178,6840,"PAGING TULSA, INC.",
2179,1974,CANADIAN VALLEY TEL. CO.,
2180,1969,"BIXBY TEL. CO., INC.",
2181,1977,"CENTRAL OKLAHOMA TELEPHONE CO., L.L.C.",
2182,2011,"OKLAHOMA WINDSTREAM, INC.",
2183,1981,CONSOLIDATED COMMUNICATIONS OF OKLAHOMA COMPANY,
2184,2023,SHIDLER TEL. CO.,
2185,2022,SALINA-SPAVINAW TEL. CO.,
2186,1985,CROSS TEL. CO.,
2187,2013,"OKLATEL COMMUNICATIONS, INC.",
2188,2014,OKLAHOMA WESTERN TEL. CO.,
2189,2034,WYANDOTTE TEL. CO.,
2190,669B,"BTC BROADBAND, INC.",
2191,1966,ATLAS TEL. CO.,
2192,7531,"TELEPORT COMMUNICATIONS AMERICA, LLC - OR",
2193,750E,"ONVOY, LLC - OR",
2194,7537,"LEVEL 3 TELECOM OF OREGON, LLC - OR",
2195,6349,UNITED STATES CELLULAR - OR,
2196,5820,CELLCO PARTNERSHIP DBA VERIZON WIRELESS - OR,
2197,157F,"PEERLESS NETWORK OF OREGON, LLC - OR",
2198,3234,"LEVEL 3 COMMUNICATIONS, LLC - OR",
2199,379J,"LTE WIRELESS, INC. - OR",
2200,076F,"BANDWIDTH.COM CLEC, LLC - OR",
2201,9882,ALYRICA TELEPHONE LLC DBA NEXT GEN PHONE SYS-OR,
2202,782H,FARMERS MUTUAL TELEPHONE COMPANY - OR,
2203,745G,"WIDE VOICE, LLC - OR",
2204,826H,"INTEGRATED PATH COMMUNICATIONS-OREGON, LLC - OR",
2205,7172,ELECTRIC LIGHTWAVE LLC DBA ALLSTREAM,
2206,4323,"ZIPLY FIBER NORTHWEST, LLC DBA ZIPLY FIBER",
2207,2362,CANBY TEL. ASSN.,
2208,4520,UNITED TELEPHONE - NORTHWEST DBA CENTURYLINK - OR,
2209,517K,"ZIPLY FIBER PACIFIC, LLC DBA ZIPLY FIBER",
2210,2371,"CASCADE UTILITIES, INC.",
2211,2387,"NEHALEM TELECOMMS, INC. DBA NEHALEM TEL & TEL",
2212,2397,SCIO MUTUAL TEL. CO.,
2213,8294,NORTH COUNTY COMMUNICATION CORPORATION - OR,
2214,8629,"SCS COMMUNICATIONS AND SECURITY, INC. - OR",
2215,2395,"CENTURYTEL OF OREGON, INC. DBA CENTURYLINK",
2216,794G,TELTRUST CORPORATION - OR,
2217,461J,BEAVER CREEK COOPERATIVE TELEPHONE COMPANY - OR,
2218,936F,"ASTOUND BROADBAND, LLC - OR",
2219,2363,CLEAR CREEK MUTUAL TEL. CO.,
2220,2359,BEAVER CREEK COOP. TEL. CO.,
2221,2396,ST. PAUL COOP. TEL. ASSN.,
2222,2384,MONITOR COOP. TEL. CO.,
2223,4697,PACIFIC WAVE COMMUNICATIONS,
2224,2383,MOLALLA TEL. CO.,
2225,2399,STAYTON COOP. TEL. CO.,
2226,2373,GERVAIS TEL. CO.,
2227,2364,COLTON TEL. CO.,
2228,2386,MT. ANGEL TEL. CO.,
2229,2391,PEOPLES TEL. CO.,
2230,647F,ELTOPIA COMMUNICATIONS LLC - OR,
2231,660C,"HUNTER CONSTRUCTION, INC. DBA HUNTER COMMS - OR",
2232,2389,OREGON TEL. CORP.,
2233,3955,"EASTERN OREGON TELECOM, LLC - OR",
2234,9627,"BENDTEL, INC. - OR",
2235,2375,"ROOME TELECOMMUNICATIONS, INC.",
2236,9231,"AXXIS COMMUNICATION, INC. - OR",
2237,2377,HOME TEL. CO.,
2238,0760,"ZIPLY FIBER, LLC",
2239,2393,PIONEER TEL. COOPERATIVE,
2240,2376,HELIX TEL. CO.,
2241,2388,NORTH-STATE TEL. CO.,
2242,2378,TRANS-CASCADES TEL. CO.,
2243,5014,"EAGLE TELEPHONE SYSTEM, INC.",
2244,3401,"ZIPLY FIBER OREGON, LLC DBA ZIPLY FIBER",
2245,094G,WARM SPRINGS TELECOMMUNICATIONS COMPANY - OR,
2246,2392,PINE TEL. SYSTEM,
2247,2404,ASOTIN TEL CO,
2248,2385,MONROE TEL. CO.,
2249,348D,"CAL-ORE COMMUNICATIONS, INC. - OR",
2250,2369,"EAGLE TEL. SYSTEM, INC.",
2251,7442,MCIMETRO ACCESS TRANSMISSION SERVICES LLC - OR,
2252,985F,"MBC TELECOM, LLC - OR",
2253,4980,"XO OREGON, INC.",
2254,5511,DATAVISION COMMUNICATIONS LLC,
2255,9208,"VERIZON PENNSYLVANIA, INC.",
2256,6392,CELLCO PARTNERSHIP DBA VERIZON WIRELESS - PA,
2257,7434,MCIMETRO ACCESS TRANSMISSION SERVICES LLC - PA,
2258,4007,"LEVEL 3 COMMUNICATIONS, LLC - PA",
2259,7615,"RCN TELECOM SERVICES OF PENNSYLVANIA, INC.",
2260,547E,"ONVOY, LLC - PA",
2261,835C,"INTRADO COMMUNICATIONS, LLC",
2262,967E,"PEERLESS NETWORK OF PENNSYLVANIA, LLC - PA",
2263,784E,"BLOCK LINE SYSTEMS, LLC - PA",
2264,002F,"BANDWIDTH.COM CLEC, LLC - PA",
2265,438H,"AIRUS, INC. - PA",
2266,218H,"WIDE VOICE, LLC - PA",
2267,5494,"NETCARRIER TELECOM, INC. - PA",
2268,3806,"CORE COMMUNICATIONS, INC. - PA",
2269,6846,D&E/OMNIPOINT WIREL JOINT VENT LP DBA PCS ONE,T-Mobile
2270,464H,"FINGER LAKES TECHNOLOGIES GROUP, INC. - PA",
2271,7315,"TELEPORT COMMUNICATIONS AMERICA, LLC - PA",
2272,283E,YMAX COMMUNICATIONS CORP. - PA,
2273,761H,BUSINESS AUTOMATION TECHNOLOGIES INC - PA,
2274,257H,"CALLFIRE, INC.",
2275,8320,"SERVICE ELECTRIC TELEPHONE COMPANY, LLC",
2276,752H,"BARR TELL USA, INC. - PA",
2277,4153,"PAETEC COMMUNICATIONS, INC. - PA",
2278,6739,"SCHUYLKILL MOBILE FONE, INC.",
2279,0176,"WINDSTREAM PENNSYLVANIA, INC.",
2280,986H,"NEP TELCOM, INC. - PA",
2281,091H,NORTH PENN LONG DISTANCE CORPORATION,
2282,7513,"CTSI, INC. - PA",
2283,8597,"FIDIUM ENTERPRISE SERVICES, LLC",
2284,657B,"CITYNET PENNSYLVANIA, LLC - PA",
2285,7820,FULL SERVICE NETWORK LP,
2286,7341,"XO COMMUNICATIONS SERVICES, INC. - PA",
2287,2522,ADVANCED TELEPHONE SYS INC DBA HTC COMMUNICATIONS,
2288,0170,"VERIZON NORTH, INC. - PA (CONTEL)",
2289,0161,COMMONWEALTH TELEPHONE COMPANY LLC,
2290,4114,"WINDSTREAM D & E SYSTEMS, INC. - PA",
2291,6921,"LIMITLESS MOBILE, LLC",
2292,0162,"WINDSTREAM CONESTOGA, INC.",
2293,0191,NORTH EASTERN PENNSYLVANIA TEL. CO.,
2294,0201,"VERIZON NORTH, INC. - PA (QUAKER ST)",
2295,0152,"FRONTIER COMMUNICATIONS OF CANTON, LLC",
2296,0183,MAHANOY & MAHANTANGO TEL. CO.,
2297,0178,"FRONTIER COMMUNICATIONS OF LAKEWOOD, LLC",
2298,0204,SOUTH CANAAN TEL. CO.,
2299,0151,"WINDSTREAM BUFFALO VALLEY, INC.",
2300,0192,NORTH PENN TEL. CO.,
2301,213C,"IDT AMERICA, CORP. - PA",
2302,0177,"LACKAWAXEN TELECOMMUNICATIONS SERVICES, INC.",
2303,0206,SUGAR VALLEY TEL. CO.,
2304,0209,"BRIGHTSPEED OF PENNSYLVANIA, LLC",
2305,0197,PENNSYLVANIA TEL. CO.,
2306,9475,AMERICELL PA-3 LIMITED PARTNERSHIP,
2307,0169,"VERIZON NORTH, INC. - PA",
2308,0149,"FRONTIER COMMUNICATIONS OF BREEZEWOOD, LLC",
2309,0196,PALMERTON TEL. CO.,
2310,422C,"ARMSTRONG TELECOMMUNICATIONS, INC. - PA",
2311,0175,IRONTON TEL. CO.,
2312,0165,"WINDSTREAM D&E, INC.",
2313,0168,"FRONTIER COMMUNICATIONS OF PENNSYLVANIA, LLC",
2314,0145,CONSOLIDATED COMMUNICATIONS OF PENNSYLVANIA CO,
2315,050A,"CITIZENS TELECOM SOLUTIONS, LLC - PA",
2316,0193,CONSOLIDATED COMMUNICATIONS OF PENNSYLVANIA CO,
2317,0185,CONSOLIDATED COMMUNICATIONS OF PENNSYLVANIA COMP,
2318,0171,HICKORY TEL. CO.,
2319,0156,CITIZENS TEL. CO. OF KECKSBURG,
2320,0179,LAUREL HIGHLAND TEL. CO.,
2321,0200,PYMATUNING INDEPENDENT TEL. CO.,
2322,0215,YUKON-WALTZ TEL. CO.,
2323,0277,WEST SIDE TEL CO,
2324,858D,PYMATUNING INDEPENDENT TELEPHONE COMPANY - PA,
2325,0189,ARMSTRONG TEL. CO. - PA,
2326,0194,"FRONTIER COMMUNICATIONS OF OSWAYO RIVER, LLC",
2327,0210,VENUS TEL. CORP.,
2328,2681,"WINDSTREAM COMMUNICATIONS, INC. - PA",
2329,6286,UNITED STATES CELLULAR - PA,
2330,0195,ARMSTRONG TEL. CO. NORTH,
2331,738H,LAUREL HIGHLAND TELEPHONE COMPANY - PA,
2332,103F,"SALSGIVER TELECOM, INC. - PA",
2333,955G,LIBERTY COMMUNICATIONS OF PUERTO RICO LLC,
2334,4823,PUERTO RICO TELCO DBA CLARO PUERTO RICO,
2335,639J,LIBERTY MOBILE PUERTO RICO INC.,
2336,8305,LIBERTY MOBILE PUERTO RICO INC.,
2337,9726,"WORLDNET TELECOMMUNICATIONS, INC. - PR",
2338,3201,PUERTO RICO TEL. CO.,
2339,087D,"OPTIVON TELECOMMUNICATIONS SERVICES, INC. - PR",
2340,4850,"MR. BEEPER, INC.",
2341,266G,"IP SOLUTIONS, INC. - PR",
2342,559F,NEUTRAL TANDEM - PR,
2343,667C,"PUERTO RICO TELEPHONE COMPANY, INC.",
2344,6991,"BEEPER EXPRESS OF PUERTO RICO, INC.",
2345,6933,"BORINQUEN BEEPERS, INC.",
2346,4057,LINK TECH CORPORATION,
2347,752E,"DATA@CCESS COMMUNICATION, INC. - PR",
2348,091J,"LUMEN TECHNOLOGIES PUERTO RICO, LLC",
2349,985G,NATURAL G.C. INC. - PR,
2350,977E,"ONVOY, LLC - RI",
2351,6389,CELLCO PARTNERSHIP DBA VERIZON WIRELESS - RI,
2352,631G,"PEERLESS NETWORK OF RHODE ISLAND, LLC - RI",
2353,7351,"TELEPORT COMMUNICATIONS AMERICA, LLC - CA",
2354,4016,"LEVEL 3 COMMUNICATIONS, LLC - RI",
2355,836C,"INTRADO COMMUNICATIONS, LLC",
2356,003F,"BANDWIDTH.COM CLEC, LLC - RI",
2357,507H,"AIRUS, INC. - RI",
2358,363E,YMAX COMMUNICATIONS CORP. - RI,
2359,343H,"WIDE VOICE, LLC - RI",
2360,3453,"PBT COMMUNICATIONS, INC. - SC",
2361,6398,CELLCO PARTNERSHIP DBA VERIZON WIRELESS - SC,
2362,635C,TELEPORT COMMUNICATIONS AMERICA SC- LLC,
2363,5258,"LEVEL 3 COMMUNICATIONS, LLC - SC",
2364,0551,WILLISTON TEL. CO.,
2365,0517,"WINDSTREAM SOUTH CAROLINA, INC.",
2366,0535,"NORWAY TEL. CO., INC.",
2367,4335,FRONTIER COMMUNICATIONS OF THE CAROLINAS INC. - SC,
2368,0531,LANCASTER TEL. CO.,
2369,0506,"BRIGHTSPEED OF SOUTH CAROLINA, LLC",
2370,077F,"BANDWIDTH.COM CLEC, LLC - SC",
2371,8534,MCIMETRO ACCESS TRANSMISSION SERVICES LLC - SC,
2372,1784,"SOUTH CAROLINA NET, INC. - SC",
2373,0542,"COMPORIUM, INC.",
2374,0541,"RIDGEWAY TEL. CO., INC.",
2375,548E,"ONVOY, LLC - SC",
2376,0516,CHESTER TEL. CO.,
2377,0521,FORT MILL TEL. CO.,
2378,0520,"FARMERS TEL. COOP., INC.",
2379,4255,"FTC DIVERSIFIED SERVICES, INC.",
2380,5385,"HARGRAY, INC. - SC",
2381,0526,FRONTIER COMMUNICATIONS OF THE CAROLINAS INC. - SC,
2382,467E,"IDT AMERICA, CORP. - SC",
2383,0539,"PBT TELECOM, INC.",
2384,098H,"PEERLESS NETWORK OF SOUTH CAROLINA, LLC - SC",
2385,527H,"SOUTH CAROLINA TELECOMM GRP HOLDINGS, LLC - SC",
2386,7273,"LEVEL 3 TELECOM OF SOUTH CAROLINA, LLC - SC",
2387,5344,"LEVEL 3 TELECOM OF SOUTH CAROLINA, LLC - SC",
2388,863A,"FAIRFIELD COMMUNICATIONS, INC. - SC",
2389,154C,"PALMETTO TELEPHONE COMMUNICATIONS, LLC - SC",
2390,6013,"MID-STATE ELECTRONICS, INC. DBA METRO-PAGE",
2391,0523,"HARGRAY TEL. CO., INC.",
2392,0528,"HORRY TEL. COOP., INC.",
2393,6019,"AAA COMMUNICATIONS, LTD.",
2394,0527,"HOME TELEPHONE ILEC, LLC",
2395,288B,MCIMETRO ACCESS TRANSMISSION SERVICES LLC - SC,
2396,0546,"SANDHILL TEL. COOP., INC.",
2397,0544,ST. STEPHEN TEL. CO.,
2398,8960,"HORRY TELEPHONE COOPERATIVE, INC. - SC",
2399,712C,BERKELEY CABLE TELEVISION INC DBA HOME TELECOM-SC,
2400,0536,"PALMETTO RURAL TEL. COOP., INC.",
2401,8693,"US LEC OF SOUTH CAROLINA, INC.",
2402,067J,"SANDHILL CONNEXTIONS, LLC - SC",
2403,0512,"BLUFFTON TEL. CO., INC.",
2404,364E,YMAX COMMUNICATIONS CORP. - SC,
2405,0533,"MCCLELLANVILLE TEL. CO., INC.",
2406,6858,"KINDER, ROBERT A. DBA TOTAL COMMUNICATION SYSTEMS",
2407,0550,"WEST CAROLINA RURAL TEL. COOP., INC.",
2408,1701,"PRTCOMMUNICATIONS, LLC - SC",
2409,5872,"WEST CAROLINA COMMUNICATIONS, LLC - SC",
2410,0515,CHESNEE TEL. CO.,
2411,0532,"LOCKHART TEL. CO., INC.",
2412,0538,"PIEDMONT RURAL TEL. COOP., INC.",
2413,6569,CELLCO PARTNERSHIP DBA VERIZON WIRELESS - SD,
2414,7076,MIDCONTINENT COMMUNICATIONS. - SD,
2415,1676,"SANTEL COMMUNICATIONS COOPERATIVE, INC. - SD",
2416,9001,"MIDSTATE TELECOM, INC. - SD",
2417,1652,"CLARITY TELECOM, LLC DBA BLUEPEAK",
2418,1669,"TRIOTEL COMMUNICATIONS, INC.",
2419,8812,"SOUTH DAKOTA NETWORK, LLC",
2420,7010,"LONG LINES METRO, LLC - SD",
2421,1670,"MIDSTATE COMMUNICATIONS, INC.",
2422,162G,"ONVOY, LLC - SD",
2423,1660,FORT RANDALL TELCO DBA MT RUSHMORE TELEPHONE CO,
2424,7024,"CLARITY TELECOM, LLC DBA BLUEPEAK",
2425,5180,"LEVEL 3 COMMUNICATIONS, LLC - SD",
2426,1685,"VALLEY TELECOM COOP. ASSN., INC.",
2427,1640,ARMOUR INDEPENDENT TEL CO DBA GOLDEN WEST TELCOMM,
2428,106F,"BANDWIDTH.COM CLEC, LLC - SD",
2429,920F,"MCC TELEPHONY OF THE MID-WEST, LLC - SD",
2430,580H,"AIRUS, INC. - SD",
2431,6125,"NORTHERN VALLEY COMMUNICATIONS, LLC",
2432,1677,SIOUX VALLEY TEL DBA GOLDEN WEST TELECOMMUNICATION,
2433,1647,CHEYENNE RIVER SIOUX TRIBAL TEL. AUTHORITY,
2434,424F,"NATIVE AMERICAN TELECOM, LLC - SD",
2435,683C,"RC COMMUNICATIONS, INC. - SD",
2436,907D,"INTERSTATE TELECOMMUNICATIONS COOPERATIVE, INC.",
2437,071J,"WIDE VOICE, LLC - SD",
2438,078J,"NATIVE WIRELESS, LLC",
2439,363J,"VALLEY COMMUNICATIONS, INC. D/B/A VALLEY FIBERCOM",
2440,1684,UNION TEL. CO. DBA GOLDEN WEST TELECOMMUNICATIONS,
2441,870F,NATIVE AMERICAN TELECOM - PINE RIDGE LLC - SD,
2442,858J,"MIDCO VOICE, LLC",
2443,1650,CITY OF BROOKINGS MUNICIPAL TEL. DEPT.,
2444,815E,"JAMES VALLEY WIRELESS, LLC",
2445,4256,"CLARITY TELECOM, LLC DBA BLUEPEAK",
2446,1649,BERESFORD MUNICIPAL TEL. CO.,
2447,4414,WEST RIVER TELECOMMUNICATIONS COOP. - SD,
2448,1667,KADOKA TEL CO DBA GOLDEN WEST TELECOMMUNICATIONS,
2449,1671,WEST RIVER TELECOMMUNICATIONS COOP (MOBRIDGE) - SD,
2450,1668,KENNEBEC TEL. CO.,
2451,693G,TELEPORT COMMUNICATIONS AMERICA SD-LLC,
2452,1666,JEFFERSON TEL. CO.,
2453,1653,CITY OF FAITH MUNICIPAL TEL. CO.,
2454,682C,"ATV HOLDINGS, LLC D/B/A MITCHELL TELECOM - SD",
2455,4806,"LEVEL 3 COMMUNICATIONS, LLC - TN",
2456,7278,MCIMETRO ACCESS TRANSMISSION SERVICES LLC - TN,
2457,525E,"ONVOY, LLC - TN",
2458,4645,ELECTRIC POWER BOARD OF CHATTANOOGA,
2459,6278,UNITED STATES CELLULAR - TN,
2460,6673,CELLCO PARTNERSHIP DBA VERIZON WIRELESS - TN,
2461,114F,"TELEPORT COMMUNICATIONS AMERICA, LLC - TN",
2462,4510,UNITED TELEPHONE-SOUTHEAST-TN DBA CENTURYLINK - TN,
2463,124F,"BANDWIDTH.COM CLEC, LLC - TN",
2464,6880,"PRO PAGE PARTNERS, LLC",
2465,0574,"BRIGHTSPEED OF SOUTHERN TENNESSEE, LC",
2466,204G,"TWIN LAKES COMMUNICATIONS, INC. - TN",
2467,0578,"TELLICO TEL. CO., INC.",
2468,0565,"HIGHLAND TEL. COOP, INC.",
2469,967F,"PEACE COMMUNICATIONS, LLC - TN",
2470,0554,BLEDSOE TEL. COOP.,
2471,081J,"SKYBEST COMMUNICATIONS, INC. - TN",
2472,0557,"BRIGHTSPEED OF EASTERN TENNESSEE, LLC",
2473,566D,"ETC COMMUNICATIONS, L.L.C. - TN",
2474,895D,BRISTOL TENNESSEE ESSENTIAL SERVICES - TN,
2475,3185,MOUNTAINET TELEPHONE COMPANY - VA,
2476,239E,"TELESCAN, INC. - TN",
2477,276F,"PEERLESS NETWORK OF TENNESSEE, LLC - TN",
2478,0248,"SCOTT COUNTY TEL. COOP., INC.",
2479,7977,MCIMETRO ACCESS TRANSMISSION SERVICES LLC - TN,
2480,0575,TENNESSEE TEL. CO.,
2481,0562,DEKALB TEL. COOP.,
2482,0581,UNITED TELEPHONE COMPANY DBA UNITED COMMUNICATIONS,
2483,7344,"XO TENNESSEE, INC.",
2484,7517,"LEVEL 3 TELECOM OF TENNESSEE, LLC - TN",
2485,841F,"ADVANTAGE CELLULAR SYSTEMS, INC. - TN",
2486,2891,"AENEAS COMMUNICATIONS, LLC - TN",
2487,656H,"NORTH CENTRAL COMMUNICATIONS, INC. - TN",
2488,0573,"NORTH CENTRAL TEL. COOP., INC.",
2489,5468,"LINGO TELECOM, LLC",
2490,0579,TWIN LAKES TEL. COOP. CORP.,
2491,150G,JACKSON ENERGY AUTHORITY - TN,
2492,0576,PEOPLES TEL. CO.,
2493,704C,"CHARTER FIBERLINK-TENNESSEE, LLC - TN",
2494,4336,"CITIZENS COMM CO TN DBA FRONTIER COMM OF TN, LLC",
2495,598B,"WEST KENTUCKY RURAL TELEPHONE COOPERATIVE, INC.",
2496,0571,"MILLINGTON TEL. CO., INC.",
2497,0561,"CROCKETT TEL. CO., INC.",
2498,0583,"WEST TENNESSEE TEL. CO., INC.",
2499,0559,"CONCORD TEL. EXCH., INC.",
2500,6792,"SATELLINK PAGING, INC.",
2501,845C,"INTRADO COMMUNICATIONS, LLC",
2502,0577,CITIZENS TELECOM VOL ST LLC DBA FRONTIER VOL STATE,
2503,337J,WEST KENTUCKY & TENNESSEE TELECOMMUNICATIONS CO-OP,
2504,948G,"TELEPAK NETWORKS, INC. - TN",
2505,181H,"E RITTER COMMUNICATIONS, INC. - TN",
2506,0553,"BEN LOMAND RURAL TEL. COOP., INC.",
2507,4586,"BEN LOMAND COMMUNICATIONS, INC.",
2508,0566,HUMPHREYS COUNTY TEL. CO.,
2509,0570,"LORETTO TEL. CO., INC.",
2510,6506,CELLCO PARTNERSHIP DBA VERIZON WIRELESS - TX,Verizon
2511,473F,"USFON, INC. - TX",
2512,8434,"LEVEL 3 OF TELECOM OF TEXAS, LLC - TX",
2513,7138,"TELEPORT COMMUNICATIONS AMERICA, LLC - TX",
2514,319D,FOREMOST TELECOMMUNICATIONS CORPORATION - TX,
2515,903C,"ONVOY, LLC - TX",
2516,6114,"LEVEL 3 COMMUNICATIONS, LLC - TX",
2517,7670,"GRANDE COMMUNICATIONS NETWORKS, INC. - TX",
2518,004F,"BANDWIDTH.COM CLEC, LLC - TX",
2519,8958,"XO TEXAS, INC.",
2520,7399,"WESTEL, INC. - TX",
2521,177F,"PEERLESS NETWORK OF TEXAS, LLC - TX",
2522,7715,"MATRIX TELECOM, LLC. S/I/I TNCI - TX",
2523,7516,"LEVEL 3 OF TELECOM OF TEXAS, LLC - TX",
2524,4344,FRONTIER SOUTHWEST INC DBA FRONTIER COMM OF TEXAS,
2525,0701,FRONTIER SOUTHWEST INC DBA FRONTIER COMM OF TEXAS,
2526,7726,SOUTHWESTERN BELL TELEPHONE COMPANY - TX,
2527,7148,"TELEPORT COMMUNICATIONS AMERICA, LLC - TX",
2528,6833,"HELMSCO, INC.",
2529,2114,"BRIGHTSPEED OF TEXAS, INC.",
2530,2084,"BRIGHTSPEED OF EASTERN TEXAS, INC.",
2531,0132,"AMA COMM., LLC DBA AMA*TECHTEL COMMUNICATIONS-TX",
2532,1181,"VALOR TELECOMM TX, LD-TX #2 DBA WINDSTREAM COMM SW",
2533,7249,MCIMETRO ACCESS TRANSMISSION SERVICES LLC - TX,
2534,2147,"WINDSTREAM SUGAR LAND, LLC",
2535,2153,"TEXAS WINDSTREAM, LLC",
2536,2090,"ALENCO COMMUNICATIONS, INC.",
2537,2052,"CENTRAL TEXAS TEL. COOP., INC.",
2538,2060,"TOTELCOM COMMUNICATIONS, LLC",
2539,2105,LIPAN TEL. CO.,
2540,8253,"PATHWAY COM-TEL, INC. - TX",
2541,7074,"LEVEL 3 OF TELECOM OF TEXAS, LLC - TX",
2542,2091,"ETS TELEPHONE COMPANY, INC.",
2543,2072,CONSOLIDATED COMMUNICATIONS OF TEXAS COMPANY,
2544,2154,FRONTIER SOUTHWEST INC DBA FRONTIER COMM OF TEXAS,
2545,7239,MCIMETRO ACCESS TRANSMISSION SERVICES LLC - TX,
2546,2109,CONSOLIDATED COMMUNICATIONS OF TEXAS COMPANY,
2547,327E,YMAX COMMUNICATIONS CORP. - TX,
2548,2151,"TAYLOR TEL. COOP., INC.",
2549,6820,"TEXAS COMMUNICATIONS, INC.",
2550,2086,"HILL COUNTRY TEL. COOP., INC.",
2551,474J,"TAYLOR TELEPHONE COOP, INC. DBA TAYLOR TELECOM",
2552,413F,"HILL COUNTRY TELECOMMUNICATIONS, LLC - TX",
2553,2057,"COLEMAN COUNTY TEL. COOP., INC.",
2554,763H,IP GLOBAL NETWORKS - TX,
2555,706G,"WIDE VOICE, LLC - TX",
2556,2134,"RIVIERA TEL. CO., INC.",
2557,4290,"STPCS JOINT VENTURE, LLC",
2558,2159,"VALLEY TEL. COOP., INC.",
2559,776A,"VTX COMMUNICATIONS, LLC",
2560,4866,"SMARTCOM TELEPHONE, LLC",
2561,7586,CENTURYLINK COMMUNICATIONS LLC - TX,
2562,2117,"BRIGHTSPEED OF COASTAL TEXAS, INC",
2563,2076,"GANADO TELEPHONE CO., INC. DBA YK COMMUNICATIONS",
2564,2103,"LA WARD TEL. EXCH., INC.",
2565,318C,"CEBRIDGE TELECOM TX , L.P. - TX",
2566,467J,"E. RITTER COMMUNICATIONS, INC. - TX",
2567,135H,"PEOPLES COMMUNICATION, INC. -TX",
2568,690H,"EASTEX CELCO, LLC - TX",
2569,3196,"ETEX COMMUNCATIONS, LLC DBA ETEX TELECOM - TX",
2570,583C,TIME WARNER CBLE INFO SVC (TX) DBA TIME WARNER CBL,
2571,4913,VEXUS,
2572,193H,"BIG BEND TELECOM, LTD. - TX",
2573,2039,"BIG BEND TEL. CO., INC.",
2574,2168,"WES-TEX TELEPHONE COOP., INC.",
2575,3282,"WES-TEX TELECOMMUNICATIONS, INC. DBA WESTEX-TX",
2576,3726,"ONE RING NETWORKS II, INC. D/B/A ONE RING NETWORKS",
2577,065J,"ONE RING NETWORKS, INC.",
2578,951F,"AIRUS, INC. - TX",
2579,951G,"INTEGRATED PATH COMMUNICATIONS, LLC - TX",
2580,345J,OOMA INC.,
2581,2140,"BRIGHTSPEED OF SOUTHERN TEXAS, INC.",
2582,7551,AUSTIN BESTLINE COMPANY,
2583,075L,RICE TELECOM CORPORATION,
2584,2166,"WEST TEXAS RURAL TEL. COOP., INC.",
2585,0480,"WEST PLAINS TELECOMMUNICATIONS, INC.",
2586,2046,CAP ROCK TELEPHONE COOPERATIVE,
2587,7893,"XIT TELECOMMUNICATIONS & TECHNOLOGY, INC. - TX",
2588,2143,"SOUTH PLAINS TEL. COOP., INC.",
2589,7809,"W T SERVICES, INC.",
2590,2131,"POKA-LAMBRO TEL. COOP., INC.",
2591,2170,"XIT RURAL TEL. COOP., INC.",
2592,5556,"PATHWAYZ COMMUNICATIONS, INC. - TX",
2593,8661,POKA LAMBRO TELEPHONE COMPANY,
2594,982H,MID-PLAINS RURAL TEL COOP DBA MID-PLAINS COMM-TX,
2595,2112,"MID-PLAINS RURAL TEL. COOP., INC.",
2596,2071,"FIVE AREA TEL. COOP., INC.",
2597,6944,"PANHANDLE TELECOMMUNICATION SYSTEMS, INC. - TX",
2598,4009,"MILLENNIUM TELCOM, LLC DBA ONESOURCE COMM. - TX",
2599,2083,"GUADALUPE VALLEY TEL. COOP., INC.",
2600,2135,SOUTHWEST TEXAS TEL. CO.,
2601,1997,"WINDSTREAM COMMUNICATIONS TELECOM, L.P. - TX",
2602,2097,"WINDSTREAM COMMUNICATIONS KERRVILLE, L.P.",
2603,9872,"GUADALUPE VALLEY COMMUNICATIONS SYSTEMS, LP - TX",
2604,5159,"PERSONAL TOUCH COMMUNICATIONS, LP - TX",
2605,4042,"CUMBY TELEPHONE COOPERATIVE, INC.",
2606,2130,PEOPLES TEL. COOP.,
2607,8625,"COMCAST PHONE OF TEXAS, LLC - TX",
2608,2068,"EASTEX TEL. COOP., INC.",
2609,2070,"ETEX TEL. COOP., INC.",
2610,2150,TATUM TEL. CO.,
2611,2038,BLOSSOM TEL. CO.,
2612,2065,"CUMBY TEL. COOP., INC.",
2613,7263,"LEVEL 3 OF TELECOM OF TEXAS, LLC - TX",
2614,679E,"TRANSTELCO, INC. - TX",
2615,9558,"INTRADO COMMUNICATIONS, LLC",
2616,4434,DELL TEL. CORP. INC. - TX,
2617,2107,LIVINGSTON TEL. CO.,
2618,2104,LAKE LIVINGSTON TEL. CO.,
2619,912E,"FIDIUM ENTERPRISE SERVICES, LLC",
2620,2985,"WEB FIRE COMMUNICATIONS, INC. - TX",
2621,162J,"COMCELL, INC. - TX",
2622,2101,"BRIGHTSPEED OF NORTHERN TEXAS, INC.",
2623,2041,"BRAZOS TEL. COOP., INC.",
2624,6271,UNITED STATES CELLULAR - TX,
2625,4046,"SANTA ROSA TELEPHONE COOPERATIVE, INC.",
2626,2061,COMMUNITY TEL. CO.,
2627,2069,"ELECTRA TEL. CO, INC.",
2628,2043,NORTH TEXAS TEL. CO.,
2629,2116,MUENSTER TELEPHONE CORP. OF TEXAS DBA NORTEX COMM,
2630,896J,"TRUSTID, INC.",
2631,996J,"BARR TELL USA, LLC",
2632,2073,BORDER TO BORDER COMMUNICATIONS,
2633,2059,"COLORADO VALLEY TEL. COOP., INC.",
2634,634H,"YK COMMUNICATIONS, LTD - TX",
2635,2093,INDUSTRY TEL. CO.,
2636,683G,"BCM ONE CLOUD COMMUNICATIONS, LLC",
2637,2040,BRAZORIA TEL. CO.,
2638,117F,"BANDWIDTH.COM CLEC, LLC - UT",
2639,3231,"LEVEL 3 COMMUNICATIONS, LLC - UT",
2640,871E,"ONVOY, LLC - UT",
2641,6571,CELLCO PARTNERSHIP DBA VERIZON WIRELESS - UT,
2642,716D,"FIRSTDIGITAL COMMUNICATIONS, LLC",
2643,526H,"PEERLESS NETWORK OF UTAH, LLC - UT",
2644,659H,"WIDE VOICE, LLC - UT",
2645,7530,"TELEPORT COMMUNICATIONS AMERICA, LLC - UT",
2646,7176,ELECTRIC LIGHTWAVE LLC DBA ALLSTREAM,
2647,3881,"ALL WEST/UTAH, INC.",
2648,4429,CITIZENS TELECOM-UTAH DBA FRONTIER COMM OF UT,
2649,380F,"SOUTH CENTRAL COMM -TELCOM SERVICES, LLC UT",
2650,4611,"BEEHIVE TELEPHONE COMPANY, INC. (UTAH)",
2651,2287,"UBTA-UBET COMMUNICATIONS, INC. DBA STRATA NETWORKS",
2652,832J,"E. FIBER SAN JUAN, LLC",
2653,2282,MANTI TEL. CO.,
2654,2278,EMERY TELEPHONE DBA EMERY TELCOM,
2655,4451,NAVAJO COMM CO INC - UT DBA NAVAJO COMM UT,
2656,2288,ALL WEST COMMUNICATIONS - UT,
2657,683H,"EMERY TELECOMMUNICATIONS & VIDEO, INC. - UT",
2658,831J,"E. FIBER MOAB, LLC",
2659,441F,"MANTI TELE COMMUNICATIONS COMPANY, INC.",
2660,2277,"CENTRAL UTAH TEL., INC.",
2661,2283,SKYLINE TELECOM,
2662,1190,"CARBON/EMERY TELCOM, INC. - UT",
2663,872A,NORTH COUNTY COMMUNICATIONS CORPORATION - UT,
2664,7541,"XO UTAH, INC.",
2665,2279,GUNNISON TEL. CO.,
2666,1192,"HANKSVILLE TELCOM, INC. - UT",
2667,3032,BEAR LAKE COMMUNICATIONS,
2668,758D,"DIRECT COMMUNICATIONS CEDAR VALLEY, LLC",
2669,079F,"BANDWIDTH.COM CLEC, LLC - VA",
2670,6827,CELLCO PARTNERSHIP DBA VERIZON WIRELESS - VA,Verizon
2671,138E,"ONVOY, LLC - VA",
2672,4644,"TELEPORT COMMUNICATIONS AMERICA, LLC - VA",
2673,8825,"LEVEL 3 COMMUNICATIONS, LLC - VA",
2674,544A,CITIZENS TELEPHONE COOPERATIVE - VA,
2675,4511,UNITED TELEPHONE-SOUTHEAST-VA DBA CENTURYLINK-VA,
2676,0445,"GCR TELECOMMUNICATIONS, INC. - VA",
2677,6283,UNITED STATES CELLULAR - VA,
2678,4337,"VERIZON SOUTH, INC. - VA",
2679,275G,"PEERLESS NETWORK OF VIRGINIA, LLC - VA",
2680,609F,"MGW NETWORKS, L.L.C. - VA",
2681,7299,MCIMETRO ACCESS TRANSMISSION SERVICES LLC - VA,
2682,9213,"VERIZON VIRGINIA, INC.",
2683,4979,"SHENTEL COMMUNICATIONS, LLC. - VA",
2684,367E,YMAX COMMUNICATIONS CORP. OF VIRGINIA - VA,
2685,9809,SUNSET FIBER - VA,
2686,0220,"BURKE'S GARDEN TEL. CO., INC.",
2687,210F,"MIKROTEC OF VIRGINIA, LLC - VA",
2688,5832,"CORETEL VIRGINIA, LLC - VA",
2689,0233,"VERIZON SOUTH, INC. - VA (CONTEL)",
2690,0244,PEOPLES MUTUAL TEL. CO.,
2691,7238,MCIMETRO ACCESS TRANSMISSION SERVICES LLC - VA,
2692,0219,"EMPOWER TELECOM, INC.",
2693,0226,LUMOS TELEPHONE LLC,
2694,0238,"MGW TELEPHONE COMPANY, INC.",
2695,0250,SHENANDOAH TEL. CO.,
2696,0236,SHENANDOAH TEL. CO.,
2697,0239,NEW HOPE TELEPHONE COOPERATIVE,
2698,726H,"AIRUS, INC. - VA",
2699,0237,HIGHLAND TEL. COOP.,
2700,0249,LUMOS TELEPHONE OF BOTETOURT LLC,
2701,0243,PEMBROKE TEL. COOP.,
2702,127G,"FRONTIER COMMUNICATIONS OF VIRGINIA, INC. - VA",
2703,0225,CITIZENS TEL. COOP.,
2704,3029,NEW CASTLE TEL. CO.,
2705,231C,"IDT AMERICA, CORP. - VA",
2706,0253,VIRGINIA TEL. CO.,
2707,8830,"STARPOWER COMMUNICATIONS, LLC - VA",
2708,519H,"WIDE VOICE, LLC - VA",
2709,7769,"LEVEL 3 TELECOM OF VIRGINIA, LLC - VA",
2710,168G,"MCC TELEPHONY OF THE MID-ATLANTIC, LLC - VA",
2711,4772,"XO VIRGINIA, LLC",
2712,0217,AMELIA TEL. CORP.,
2713,229H,"CEBRIDGE TELECOM VA, LLC DBA SUDDENLINK COMM",
2714,638J,LIBERTY MOBILE USVI INC.,
2715,128J,"LUMEN TECHNOLGIES ST. CROIX, LLC",
2716,346D,"VITELCOM CELLULAR, INC.",
2717,615H,"GIGSKY MOBILE, LLC",
2718,3300,VIRGIN ISLANDS TEL. CORP. DBA INNOVATIVE TELEPHONE,
2719,6915,"WINDKEEPER COMMUNICATIONS, INC.",
2720,0061,NORTHFIELD TEL. CO.,
2721,451F,"ONVOY, LLC - VT",
2722,9450,"LEVEL 3 COMMUNICATIONS, LLC - VT",
2723,5115,CONSOLIDATED COMMUNICATIONS OF VERMONT COMPANY,
2724,0058,LUDLOW TEL. CO.,
2725,6289,UNITED STATES CELLULAR - VT,
2726,6390,CELLCO PARTNERSHIP DBA VERIZON WIRELESS - VT,
2727,3332,"VERMONT TELEPHONE CO., INC.",
2728,3454,NATIONAL MOBILE COMMUNICATIONS CORPORATION - VT,
2729,005F,"BANDWIDTH.COM CLEC, LLC - VT",
2730,0062,PERKINSVILLE TEL. CO.,
2731,0064,SHOREHAM TELEPHONE LLC,
2732,0053,FRANKLIN TEL. CO.,
2733,3331,CONSOLIDATED COMMUNICATIONS OF NORTHLAND COMPANY,
2734,0069,"WAITSFIELD-FAYSTON TELEPHONE CO., INC.",
2735,665H,"AIRUS, INC. - VT",
2736,208H,"VTEL DATA NETWORKS, INC. - VT",
2737,0068,TOPSHAM TEL. CO.,
2738,366E,YMAX COMMUNICATIONS CORP. - VT,
2739,989H,INTEGRATED PATH COMMUNICATIONS-VERMONT LLC - VT,
2740,881G,"TELEPORT COMMUNICATIONS AMERICA, LLC - VT",
2741,9814,"VTEL WIRELESS, INC.",
2742,5812,CELLCO PARTNERSHIP DBA VERIZON WIRELESS - WA,
2743,7146,"TELEPORT COMMUNICATIONS AMERICA, LLC - WA",
2744,483E,"ONVOY, LLC - WA",
2745,6121,"LEVEL 3 COMMUNICATIONS, LLC - WA",
2746,7173,ELECTRIC LIGHTWAVE LLC DBA ALLSTREAM,
2747,453J,"CORETEL WASHINGTON, INC. - WA",
2748,006F,"BANDWIDTH.COM CLEC, LLC - WA",
2749,7274,MCIMETRO ACCESS TRANSMISSION SERVICES LLC - WA,
2750,663D,"ELTOPIA COMMUNICATIONS, LLC - WA",
2751,7455,"LEVEL 3 TELECOM OF WASHINGTON, LLC - WA",
2752,2408,"CENTURYTEL OF WASHINGTON, INC. DBA CENTURYLINK",
2753,159F,"PEERLESS NETWORK OF WASHINGTON, LLC - WA",
2754,577F,RINGSQUARED TELECOM LLC,
2755,841C,"INTRADO COMMUNICATIONS, LLC",
2756,7340,"XO WASHINGTON, INC.",
2757,707G,"WIDE VOICE, LLC - WA",
2758,147L,ACCELERATE NETWORKS LLC,
2759,7720,"RAINIER CONNECT, INC. - WA",
2760,048L,LIVEWIRE TELECOM LLC,
2761,6270,UNITED STATES CELLULAR - WA,
2762,2452,WHIDBEY TEL. CO.,
2763,2427,"LEWIS RIVER TEL. CO., INC.",
2764,2446,TENINO TEL. CO.,
2765,4423,"ZIPLY FIBER NORTHWEST, LLC DBA ZIPLY FIBER",
2766,4521,UNITED TELEPHONE - NORTHWEST DBA CENTURYLINK - WA,
2767,2422,"CENTURYTEL OF INTER-ISLAND, INC. DBA CENTURYLINK",
2768,2453,"YCOM NETWORKS, INC.",
2769,2417,HAT ISLAND TEL. CO.,
2770,0403,"HOOD CANAL TELCO, INC. DBA HOOD CANAL COMM - WA",
2771,2451,WESTERN WAHKIAKUM COUNTY TEL. CO.,
2772,834C,"INTRADO COMMUNICATIONS, LLC",
2773,937F,"ASTOUND BROADBAND, LLC - WA",
2774,2426,KALAMA TEL. CO.,
2775,152H,"SALISH NETWORKS, INC. - WA",
2776,581D,SKYLINE TELECOM COMPANY - WA,
2777,2431,"MASHELL TELECOM, INC.",
2778,2447,"TOLEDO TEL. CO., INC.",
2779,2419,HOOD CANAL TEL. CO.,
2780,1488,"TSS DIGITAL SERVICES, LCC - WA",
2781,2430,MCDANIEL TEL. CO.,
2782,427K,ZIPLY FIBER NORTHWEST LLC DBA ZIPLY FIBER,
2783,5844,"AXXIS COMMUNICATION, INC. - WA",
2784,1477,INLAND CELLULAR LLC,
2785,3229,"COMPUTERS 5*, INC. DBA LOCALTEL - WA",
2786,2418,PEND OREILLE TELEPHONE COMPANY,
2787,2437,PIONEER TEL. CO.,
2788,2442,ST. JOHN TEL. CO.,
2789,2410,"CENTURYTEL OF COWICHE, INC. DBA CENTURYLINK",
2790,4718,"TELEWISE, LLC - WA",
2791,2412,CONSOLIDATED COMMUNICATIONS OF WASHINGTON COMPANY,
2792,580D,"WESTGATE COMMUNICATIONS, LLC DBA WEAVTEL - WA",
2793,483H,"NATIVE NETWORK, INC.",
2794,9327,WISCONSIN BELL INC,
2795,6508,CELLCO PARTNERSHIP DBA VERIZON WIRELESS - WI,
2796,7216,"TELEPORT COMMUNICATIONS AMERICA, LLC WI",
2797,225C,"ONVOY, LLC - WI",
2798,6274,UNITED STATES CELLULAR - WI,
2799,227F,"PEERLESS NETWORK OF WISCONSIN, LLC - WI",
2800,5489,"LEVEL 3 COMMUNICATIONS, LLC - WI",
2801,007F,"BANDWIDTH.COM CLEC, LLC - WI",
2802,0886,FRONTIER NORTH INC. - WI,
2803,7322,"LEVEL 3 TELECOM OF WISCONSIN, LP - WI",
2804,0848,BERGEN TEL. CO. - WI,
2805,0922,"BRIGHTSPEED OF WESTERN WISCONSIN, LLC",
2806,997C,"CENTRAL WISCONSIN COMMUNICATIONS, INC. - WI",
2807,0952,"SOUTHEAST TEL. CO. OF WISCONSIN, INC.",
2808,0856,"BURLINGTON, BRIGHTON & WHEATLAND TEL. CO.",
2809,0955,STATE LONG DISTANCE TEL. CO.,
2810,0946,SHARON TEL. CO. - WI,
2811,7747,SHARON TELEPHONE COMPANY,
2812,5564,WISCONSIN RSA #10 LIMITED PARTNERSHIP,
2813,205M,LTE WIRELESS INC.,
2814,458L,"IMON COMMUNICATOINS, LLC",
2815,0866,COCHRANE COOP. TEL. CO.,
2816,0913,"BRIGHTSPEED OF MIDWEST WISCONSIN, LLC",
2817,1159,"BRIGHTSPEED OF CENTRAL WISCONSIN, LLC",
2818,0963,"UTELCO, INC.",
2819,1155,"TELEPHONE USA OF WISCONSIN, LLC DBA CENTURYLINK",
2820,0934,"BRIGHTSPEED OF WESTERN WISCONSIN, LLC",
2821,0924,"BRIGHTSPEED OF NORTH CENTRAL WISCONSIN, LLC",
2822,983F,"MCC TELEPHONY OF THE MIDWEST, LLC - WI",
2823,698E,"MICHIGAN WIRELESS, LLC DBA BUG TUSSEL WIRELESS",
2824,0895,"BRIGHTSPEED OF WISCONSIN, LLC",
2825,0881,"MID-PLAINS TEL., INC.",
2826,0900,LEMONWEIR VALLEY TEL. CO.,
2827,0916,MT. HOREB TEL. CO.,
2828,0868,COON VALLEY FARMERS TEL. CO.,
2829,0892,"HILLSBORO TEL. CO., INC.",
2830,0917,MT. VERNON TEL. CO.,
2831,0966,VERNON TEL. COOP.,
2832,0930,"GRANTLAND TELECOM, INC.",
2833,0942,"RICHLAND-GRANT TEL. COOP., INC.",
2834,0859,CENTRAL STATE TEL. CO,
2835,0875,DICKEYVILLE TEL. CORP.,
2836,0908,"MARQUETTE-ADAMS TEL. COOP., INC.",
2837,0967,FRONTIER COMMUNICATIONS OF WISCONSIN LLC,
2838,717E,VERNON COMMUNICATIONS COOPERATIVE,
2839,2556,"TECH COM, INC. - WI",
2840,0958,TENNEY TEL. CO.,
2841,0880,FARMERS TEL. CO.,
2842,0872,"CUBA CITY TEL. EXCH. CO., INC.",
2843,0847,BELMONT TEL. CO.,
2844,0849,BLACK EARTH TEL. CO.,
2845,0968,WAUNAKEE TEL. CO.,
2846,0841,"BRIGHTSPEED OF WESTERN WISCONSIN, LLC",
2847,0970,"BRIGHTSPEED OF WESTERN WISCONSIN, LLC",
2848,3043,"MH TELECOM, INC. - WI",
2849,0899,LA VALLE TEL. COOP.,
2850,279H,AMHERST TELEPHONE COMPANY,
2851,0962,UNION TEL. CO.,
2852,4855,"24-7 TELCOM, INC. - WI",
2853,0863,"CITIZENS TEL. COOP., INC.",
2854,0844,"BADGER TELECOM, INC.",
2855,0944,FRONTIER COMMUNICATIONS OF WISCONSIN LLC,
2856,0951,"SOMERSET TEL. CO., INC.",
2857,0920,NIAGARA TEL. CO.,
2858,0973,WITTENBERG TEL. CO.,
2859,0865,"CLEAR LAKE TEL. CO., INC.",
2860,0842,"AMERY TELECOM, INC.",
2861,0870,FRONTIER COMMUNICATIONS OF WISCONSIN LLC,
2862,0860,"CHEQUAMEGON COMMUNICATIONS COOPERATIVE, INC.",
2863,0971,"WEST WISCONSIN TELCOM COOP., INC.",
2864,0918,NELSON COMMUNICATIONS COOPERATIVE,
2865,0960,"TRI-COUNTY TEL. COOP., INC.",
2866,0956,"BRIGHTSPEED OF NORTHERN WISCONSIN, LLC",
2867,0974,WOOD COUNTY TEL. CO.,
2868,0937,PRICE COUNTY TEL. CO.,
2869,0949,"SIREN TEL. CO., INC.",
2870,0936,INDIANHEAD TEL. CO.,
2871,0861,"CHIBARDUN TEL. COOP., INC.",
2872,0769,"LAKELAND COMMUNICATIONS GROUP, LLC",
2873,7998,"CTC TELCOM, INC.",
2874,0945,SCANDINAVIA TEL. CO.,
2875,0879,FARMERS INDEPENDENT TEL. CO.,
2876,0902,"LAKELAND COMMUNICATIONS GROUP, LLC",
2877,8615,"NORVADO, INC.",
2878,129J,"NTERA, LLC - WI",
2879,0964,FRONTIER COMMUNICATIONS OF WISCONSIN LLC,
2880,0850,BLOOMER TEL. CO.,
2881,0843,AMHERST TEL. CO.,
2882,0889,"HAGER TELECOM, INC.",
2883,375F,"PLTC, LLC - WI",
2884,0909,MIDWAY TEL. CO.,
2885,0959,"BRIGHTSPEED OF WESTERN WISCONSIN, LLC",
2886,0846,"BALDWIN TELECOM, INC.",
2887,169E,"BALDWIN BROADBAND, LLC - WI",
2888,0915,MOSINEE TEL. CO.,
2889,3706,"PRICE COUNTY INFORMATION SYSTEMS, INC. - WI",
2890,0851,BONDUEL TEL. CO.,
2891,0953,"SPRING VALLEY TEL. CO., INC.",
2892,0855,"BRUCE TEL. CO., INC.",
2893,6183,"NET LEC, INC.",
2894,0912,FRONTIER COMMUNICATIONS OF WISCONSIN LLC,
2895,1519,NORTHERN TELEPHONE AND DATA CORP. - WI,
2896,0905,"MANAWA TEL. CO., INC.",
2897,0914,"EASTCOAST TELECOM, INC.",
2898,0931,"BRIGHTSPEED OF SOUTHERN WISCONSIN, LLC",
2899,0877,"BRIGHTSPEED OF EASTERN WISCONSIN, LLC",
2900,766H,"INTEGRATED PATH COMMUNICATIONS, LLC - WI",
2901,0954,STOCKBRIDGE & SHERWOOD TEL. CO.,
2902,841H,"PENINSULA FIBER NETWORK, LLC - WI",
2903,0148,"LAKEFIELD TELEPHONE COMPANY, LLC",
2904,0898,"BRIGHTSPEED OF EAST CENTRAL WISCONSIN, LLC",
2905,0943,"RIVERSIDE TELCOM, INC.",
2906,0896,LAKEFIELD TEL. CO.,
2907,0938,NORTHEAST TEL. CO.,
2908,0884,"BRIGHTSPEED OF NORTHEASTERN WISCONSIN, LLC",
2909,0925,"BAYLAND TEL., INC.",
2910,8614,"BAYLAND TELEPHONE, LLC",
2911,0857,"BRIGHTSPEED OF WESTERN WISCONSIN, LLC",
2912,4095,"FIBERNET, LLC - WV",
2913,489F,"SHENTEL COMMUNICATIONS, LLC. - WV",
2914,9944,"LEVEL 3 COMMUNICATIONS, LLC - WV",
2915,2704,GATEWAY TELECOM LLC DBA STRATUSWAVE COMM LLC WV,
2916,0270,CITIZENS TEL CO OF WV DBA FRONTIER OF WV,
2917,6284,UNITED STATES CELLULAR - WV,
2918,9214,FRONTIER WEST VIRGINIA INC.,
2919,7849,LUMOS NETWORKS INC. - VA,
2920,928H,"PEERLESS NETWORK OF WEST VIRGINIA, LLC - WV",
2921,6394,CELLCO PARTNERSHIP DBA VERIZON WIRELESS - WV,
2922,368E,YMAX COMMUNICATIONS CORP. - WV,
2923,545B,"CITYNET WEST VIRGINIA, LLC - WV",
2924,3866,"A.V. LAUTTAMUS COMMUNICATIONS, INC.",
2925,0267,ARMSTRONG TEL. CO.,
2926,317C,"IDT AMERICA, CORP. - WV",
2927,6597,"RAM TECHNOLOGIES, INC. - WV",
2928,080F,"BANDWIDTH.COM CLEC, LLC - WV",
2929,5201,"DIGITAL CONNECTIONS, INC. - WV",
2930,0259,"HARDY TELECOMMUNICATIONS, INC.",
2931,8012,"HARDY TELECOMMUNICATIONS, INC. - WV",
2932,0257,SPRUCE KNOB SENECA ROCKS TEL. CO.,
2933,449F,"ONVOY, LLC - WV",
2934,423C,"ARMSTRONG TELECOMMUNICATIONS, INC. - WV",
2935,4601,"COMMUNICATIONS PLUS, INC. - WV",
2936,5833,"CORETEL WEST VIRGINIA, INC. - WV",
2937,0256,ARMSTRONG TEL. CO. OF WV,
2938,0258,WAR TELEPHONE LLC,
2939,875F,"CAS COMMUNICATIONS, LLC - WV",
2940,077G,"TELEPORT COMMUNICATIONS AMERICA, LLC - WV",
2941,729H,"WIDE VOICE, LLC - WV",
2942,9416,"LEVEL 3 COMMUNICATIONS, LLC - WY",
2943,581H,"AIRUS, INC. - WY",
2944,6566,CELLCO PARTNERSHIP DBA VERIZON WIRELESS - WY,
2945,081F,"BANDWIDTH.COM CLEC, LLC - WY",
2946,450F,"ONVOY, LLC - WY",
2947,2299,"CENTURYTEL OF WYOMING, INC. DBA CENTURYLINK",
2948,2290,ALL WEST COMMUNICATIONS - WY,
2949,110G,"SILVER STAR TELEPHONE COMPANY, INC. - WY",
2950,879G,TELEPORT COMMUNICATIONS AMERICA WY-LLC,
2951,009E,"BRESNAN BROADBAND OF WYOMING, LLC - WY [CHARTER]",
2952,2289,CHUGWATER TEL. CO.,
2953,268A,"ADVANCED COMMUNICATIONS TECHNOLOGY, INC. - WY",
2954,3880,"ALL WEST/WYOMING, INC.",
2955,953H,"WIDE VOICE, LLC - WY",
2956,4531,UNITED TEL CO WEST - WY DBA CENTURYLINK WEST - WY,
2957,7466,"TRI TEL, INC.",
2958,4727,ISP Telecom Inc.,
2959,8304,Zayo Canada Inc.,
2960,464D,Fibernetics Corporation,
2961,498E,Provincial Tel Inc.,
2962,8821,Rogers Communications Canada Inc. (Wireless),
2963,8303,TELUS Mobility,
2964,497E,Shaw Telecom Inc.,
2965,2933,Bell West Inc.,
2966,8088,MTS Inc.,
2967,991B,MTS Inc.,
2968,2782,TELUS Integrated Communications,
2969,8506,GT Group Telecom Services Corp.,
2970,201A,Primus Telecommunications Canada Inc.,
2971,154E,Iristel Inc.,
2972,160G,Comwave Networks,
2973,141F,LES.NET (1996) Inc.,
2974,5643,Fido Solutions Inc.,Fido
2975,081E,Distributel,
2976,120F,Westman Media Cooperative Ltd,
2977,6574,Bell Mobility,Bell Mobility
2978,082E,Distributel,
2979,383F,Videotron Ltd.,
2980,277E,Tuckersmith Communications Co-operative Ltd.,
2981,4878,Bragg Communications Inc.,
2982,117H,Gosfield North Communication Co-operative Ltd.,
2983,004G,Quadro Communications Co-operative Inc.,
2984,8226,Execulink Telecom Inc.,
2985,548H,TekSavvy Solutions Inc,
2986,138D,Wightman Communications Ltd.,
2987,038E,Bruce Municipal Telephone System,
2988,405E,Huron Telecommunications Co-operative Ltd.,
2989,787G,Videotron Ltd.,
2990,743B,Rogers Communications Canada Inc. (Cable),
2991,8377,Rogers Communications Canada Inc. (Cable),
2992,383H,InnSysVoice Corp,
2993,812H,IXICA Communications Inc.,
2994,8051,Bell Canada,Bell Canada
2995,2776,Managed Network Systems Inc.,
2996,972G,Hay Communications Co-operative ltd.,
2997,400E,Mornington Communications Co-operative Ltd.,
2998,692G,Brooke Telecom Co-operative Ltd.,
2999,8820,Fido Solutions Inc.,
3000,078G,Navigata Communications Limited,
3001,8086,TELUS,
3002,949K,OpenMobile Inc.,
3003,328F,Videotron Ltd.,
3004,8301,TELUS Mobility,
3005,646F,TELUS Mobility,
3006,421G,Bragg Communications Inc.,
3007,995D,Nexicom Telecommunications Inc,
3008,984C,Bell Canada,
3009,3147,ExaTEL Inc.,
3010,571G,Rogers Communications Canada Inc.,
3011,139J,FGLTEL Inc.,
3012,221K,Cogeco Connexion Inc.,
3013,8228,Northern Telephone Ltd.,
3014,8092,Northwestel,
3015,8082,City West Cable and Telephone Corp.,
3016,9868,SaskTel Mobility,
3017,8091,SaskTel,
3018,280H,Access Communications Co-operative Limited,
3019,8306,Videotron Ltd.,
3020,287H,Roxborough Telephone Company Ltd.,
3021,346J,Iristel Inc.,
3022,940D,NRTC Communications,
3023,920D,Westport Telephone Company Limited,
3024,575G,Beanfield Technologies Inc.,
3025,2243,TELUS Quebec,
3026,8083,TELUS Quebec,
3027,8084,TELUS,
3028,6996,Globalstar,
3029,8237,Sogetel Inc.,
3030,8050,Bell Canada,
3031,8239,Telebec Ltee.,
3032,083E,Distributel,
3033,817D,IVIC Telecom s.e.n.c,
3034,247F,Telecommunications Xittel Inc,
3035,8208,La Cie de Telephone de Courcelles Inc.,
3036,8233,Le Telephone de St-Ephrem Inc,
3037,8219,La Compagnie de Telephone de Lambton Inc.,
3038,8235,La Compagnie de Telephone de St-Victor,
3039,329A,Bell Mobility Aliant,
3040,346G,RFNow Inc.,
3041,448K,ISP Telecom Inc.,
3042,8254,Groupe Maskatel Quebec LP,
3043,843D,9164-3122 Quebec inc,
3044,8242,CoopTel de telecommunication,
3045,8241,La Compagne de Telephone Upton,
3046,818D,Cooptel,
3047,8221,Telephone Milot Inc.,
3048,8213,Telephone Guevremont Inc.,
3049,8090,Aliant Telecom(NB),
3050,8203,Quadro Communications Co-operative Inc.,
3051,8240,Tuckersmith Communications Co-operative Ltd.,
3052,8214,Hay Communications Co-operative ltd.,
3053,8216,Execulink Telecom Inc.,
3054,8245,Wightman Telephone Ltd.,
3055,8205,Bruce Municipal Telephone System,
3056,8215,Huron Telecommunications Co-operative Ltd.,
3057,8202,Persona Communications Inc.,
3058,8223,Mornington Communications Co-operative Ltd.,
3059,8231,Persona Communications Inc.,
3060,8212,Gosfield North Communication Co-operative Ltd.,
3061,8204,Brooke Telecom Co-operative Ltd.,
3062,709G,"Bell Aliant, a division of Bell Canada",
3063,940G,SSi Micro Ltd.,
3064,8244,Westport Telephone Company Ltd.,
3065,8225,North Frontenac Telephone Company,
3066,8232,Roxborough Telephone Company Ltd.,
3067,8227,North Renfrew Telephone Company Ltd.,
3068,8220,Lansdowne Rural Telephone Ltd.,
3069,705F,CityWest Cable (North) Corp - BC,
3070,8229,"Ontera, a division of Bell Canada",
3071,8206,CochraneTel,
3072,8230,Nexicom Telephones Inc.,
3073,055H,NorthernTel Limited Partnership,
3074,8211,Nexicom Telecommunications Inc.,
3075,8085,Aliant Telecom (NF),
3076,8089,Aliant Telecom (NS),
3077,8210,Dryden Municipal Telephone System,
3078,717G,Keewaytinook Okimakanak,
3079,988H,TBayTel,
3080,8218,"KMTS, a division of Bell Canada",
3081,8094,Thunder Bay Telephone,
3082,8257,Telephone Drummond Inc,
3083,630G,Ice Wireless Inc.,
3084,8087,Aliant Telecom (PEI),Bell Aliant
3085,2589,,
3086,3910,,
3087,2680,,
3088,212A,,
3089,2514,,
3090,8357,,
3091,514G,,
3092,187K,,
3093,4725,,
3094,2765,,
3095,1798,,
3096,853E,,
3097,3638,,
3098,184J,,
3099,794K,,
3100,8685,,
3101,408G,,
3102,024L,,
3103,7316,,
3104,3083,,
3105,4084,,
3106,8281,,
3107,828F,,
3108,4029,,
3109,4227,,
3110,8692,,
3111,718F,,
3112,8355,,
3113,593F,,
3114,779B,,
3115,047L,,
3116,7674,,
3117,4620,,
3118,008A,,
3119,8356,,
3120,4733,,
3121,169D,,
3122,503H,,
3123,198D,,
3124,206D,,
3125,961E,,
3126,376J,,
3127,083J,,
3128,021J,,
